House_ID,Area_sqft,Bedrooms,Bathrooms,Age_years,Distance_to_City_Center_km,Garage_Spaces,Has_Garden,Location,Price
HOUSE00001,1865.0,2,1.0,25.1,3.37,1,1,Waterfront,7850007.0
HOUSE00002,1873.0,2,1.0,11.2,1.87,1,1,Waterfront,7785760.0
HOUSE00003,1297.0,5,4.0,14.8,14.44,0,1,Rural,5193119.0
HOUSE00004,1735.0,4,3.0,10.7,5.13,1,0,Rural,6760317.0
HOUSE00005,1261.0,3,1.0,0.8,8.32,2,1,Rural,4833203.0
HOUSE00006,845.0,3,3.0,1.8,4.76,3,0,Waterfront,4616620.0
HOUSE00007,2727.0,3,2.0,8.6,2.17,2,1,Suburban,9606809.0
HOUSE00008,1559.0,2,1.0,2.5,4.54,3,1,Suburban,5879117.0
HOUSE00009,2441.0,6,4.0,,6.49,1,1,Rural,9031544.0
HOUSE00010,2020.0,2,1.0,16.2,15.92,3,0,Suburban,7167687.0
HOUSE00011,2875.0,4,2.0,4.5,10.87,2,1,Suburban,10558901.0
HOUSE00012,2446.0,2,1.0,11.9,0.96,2,0,Rural,8175531.0
HOUSE00013,1672.0,4,2.0,20.1,11.35,2,1,Suburban,6743224.0
HOUSE00014,1495.0,3,2.0,2.9,3.98,0,0,Suburban,6208626.0
HOUSE00015,2375.0,4,5.0,12.1,12.7,3,0,Rural,8700122.0
HOUSE00016,2884.0,5,4.0,45.7,0.3,0,1,Suburban,10464468.0
HOUSE00017,2585.0,3,1.0,33.6,0.88,2,1,Suburban,9482766.0
HOUSE00018,1913.0,1,1.0,19.3,14.66,0,1,Rural,6323782.0
HOUSE00019,1178.0,3,2.0,1.7,15.12,2,1,Waterfront,5888174.0
HOUSE00020,1276.0,6,3.0,18.2,9.54,3,1,Waterfront,6840371.0
HOUSE00021,2165.0,2,2.0,10.0,3.96,3,1,Uptown,8446968.0
HOUSE00022,1213.0,2,1.0,30.0,2.14,2,0,Downtown,5451848.0
HOUSE00023,2068.0,2,1.0,0.8,6.34,0,1,Suburban,7230473.0
HOUSE00024,2531.0,5,4.0,18.1,6.15,1,1,Downtown,10649585.0
HOUSE00025,1468.0,2,1.0,4.9,1.27,3,1,Waterfront,6367659.0
HOUSE00026,2061.0,2,2.0,4.2,2.78,0,1,Rural,6889692.0
HOUSE00027,2586.0,5,3.0,40.6,0.9,2,0,Suburban,9484458.0
HOUSE00028,1615.0,6,4.0,4.2,14.94,0,0,Rural,6293247.0
HOUSE00029,1987.0,4,2.0,23.9,5.5,0,0,Suburban,7316045.0
HOUSE00030,2405.0,4,2.0,7.2,6.03,0,0,Suburban,8738268.0
HOUSE00031,1953.0,2,1.0,5.4,19.66,0,1,Rural,6627468.0
HOUSE00032,2155.0,3,1.0,9.9,7.68,3,1,Suburban,8231373.0
HOUSE00033,1979.0,1,1.0,74.4,0.39,2,0,Suburban,6336211.0
HOUSE00034,2513.0,3,2.0,2.0,39.37,0,1,Rural,8421115.0
HOUSE00035,1512.0,1,1.0,11.8,5.6,2,1,Suburban,5668126.0
HOUSE00036,1386.0,2,1.0,13.8,8.07,2,1,Uptown,5779553.0
HOUSE00037,1670.0,3,2.0,5.9,12.2,3,0,Rural,5984648.0
HOUSE00038,2791.0,4,2.0,1.6,2.82,2,1,Waterfront,11096910.0
HOUSE00039,2384.0,6,5.0,0.5,1.04,2,0,Uptown,10046710.0
HOUSE00040,1563.0,6,4.0,50.3,27.72,1,1,Rural,5615984.0
HOUSE00041,1507.0,2,1.0,24.4,0.3,2,0,Uptown,6141056.0
HOUSE00042,1440.0,2,1.0,6.8,6.18,1,1,Downtown,6123670.0
HOUSE00043,2217.0,4,3.0,7.2,2.31,2,0,Downtown,9496001.0
HOUSE00044,1076.0,3,1.0,16.9,13.76,1,1,Suburban,4448986.0
HOUSE00045,1663.0,4,2.0,1.4,16.81,2,0,Downtown,7430152.0
HOUSE00046,2176.0,3,2.0,10.0,1.54,3,0,Rural,7845946.0
HOUSE00047,1740.0,5,3.0,1.6,6.05,2,0,Waterfront,7933528.0
HOUSE00048,3141.0,6,3.0,27.8,1.82,2,1,Rural,10995610.0
HOUSE00049,1971.0,4,2.0,4.0,6.6,0,1,Uptown,7714492.0
HOUSE00050,2347.0,2,2.0,19.9,3.52,2,1,Rural,8188168.0
HOUSE00051,1092.0,5,3.0,0.1,0.55,1,1,Suburban,4921916.0
HOUSE00052,2302.0,4,4.0,2.7,11.71,1,0,Uptown,8936271.0
HOUSE00053,2568.0,3,2.0,8.4,8.0,0,0,Uptown,9614092.0
HOUSE00054,1001.0,2,1.0,16.5,7.63,1,1,Uptown,4437369.0
HOUSE00055,1784.0,2,2.0,1.8,4.16,3,1,Rural,6433436.0
HOUSE00056,2023.0,4,3.0,5.7,8.57,2,1,Rural,7385229.0
HOUSE00057,2714.0,1,1.0,4.9,1.78,0,1,Uptown,9725070.0
HOUSE00058,1845.0,3,2.0,0.4,1.42,2,0,Downtown,7809854.0
HOUSE00059,1365.0,4,3.0,11.4,0.4,3,0,Suburban,5894858.0
HOUSE00060,2468.0,2,1.0,32.3,7.81,1,1,Downtown,9398022.0
HOUSE00061,2815.0,3,1.0,7.3,11.66,1,1,Suburban,9881263.0
HOUSE00062,1738.0,5,3.0,5.8,1.72,1,0,Downtown,7829999.0
HOUSE00063,2164.0,3,2.0,8.3,11.87,2,1,Downtown,8528522.0
HOUSE00064,1654.0,3,1.0,10.1,3.11,1,1,Suburban,6382697.0
HOUSE00065,1465.0,1,1.0,3.2,1.84,1,1,Downtown,6377498.0
HOUSE00066,2251.0,1,1.0,18.6,10.33,1,1,Suburban,7742147.0
HOUSE00067,1989.0,3,1.0,38.0,0.75,3,0,Rural,6884289.0
HOUSE00068,1793.0,1,1.0,27.4,10.21,2,0,Rural,5967669.0
HOUSE00069,3158.0,3,1.0,24.8,2.12,2,1,Suburban,11387165.0
HOUSE00070,2033.0,4,2.0,4.6,1.93,1,1,Uptown,8035903.0
HOUSE00071,1213.0,3,3.0,2.7,1.72,2,0,Uptown,5453152.0
HOUSE00072,1606.0,4,2.0,6.0,9.77,1,0,Waterfront,7551336.0
HOUSE00073,1256.0,4,3.0,24.9,3.3,1,1,Downtown,5549118.0
HOUSE00074,1591.0,2,1.0,4.2,2.46,2,0,Downtown,6914214.0
HOUSE00075,1998.0,4,3.0,8.5,12.99,0,1,Rural,7282648.0
HOUSE00076,2886.0,4,3.0,21.0,6.52,1,1,Rural,10251637.0
HOUSE00077,1129.0,3,1.0,5.4,1.25,2,1,Rural,4256522.0
HOUSE00078,2459.0,4,3.0,47.6,5.44,2,1,Suburban,9280427.0
HOUSE00079,2285.0,3,2.0,18.9,3.84,1,0,Rural,7824885.0
HOUSE00080,463.0,2,1.0,9.9,4.21,2,1,Downtown,3483113.0
HOUSE00081,2690.0,4,2.0,0.6,14.49,2,0,Downtown,10497248.0
HOUSE00082,1351.0,3,2.0,8.7,2.26,1,0,Rural,4751071.0
HOUSE00083,2456.0,4,3.0,4.0,8.37,1,1,Waterfront,10185619.0
HOUSE00084,1972.0,3,2.0,18.7,5.11,2,1,Suburban,7375734.0
HOUSE00085,18040.0,3,,17.3,7.01,2,1,Rural,6271657.0
HOUSE00086,2722.0,4,3.0,14.7,4.53,2,0,Rural,9425158.0
HOUSE00087,2285.0,4,4.0,5.0,0.47,3,1,Downtown,9542769.0
HOUSE00088,1493.0,3,2.0,10.1,11.09,1,1,Uptown,6391620.0
HOUSE00089,1020.0,6,5.0,2.9,13.63,0,0,Rural,4644883.0
HOUSE00090,2124.0,6,5.0,10.6,3.84,0,1,Suburban,8681921.0
HOUSE00091,1812.0,4,3.0,3.5,2.04,2,0,Suburban,7260618.0
HOUSE00092,2504.0,2,1.0,17.9,13.27,0,1,Waterfront,9811136.0
HOUSE00093,1083.0,2,1.0,80.0,3.2,2,1,Uptown,4311471.0
HOUSE00094,1704.0,1,,1.8,7.15,0,1,Rural,5766569.0
HOUSE00095,1906.0,4,3.0,6.6,8.73,1,1,Suburban,7200936.0
HOUSE00096,1578.0,3,1.0,35.4,13.89,2,1,Waterfront,6668093.0
HOUSE00097,2291.0,1,1.0,24.1,6.93,3,1,Uptown,8646883.0
HOUSE00098,2154.0,3,2.0,2.5,9.11,3,1,Suburban,8334420.0
HOUSE00099,1861.0,4,3.0,3.1,14.24,1,1,Waterfront,8273258.0
HOUSE00100,1570.0,4,2.0,0.0,32.41,1,1,Rural,5470625.0
HOUSE00101,1423.0,4,1.0,13.0,0.3,1,1,Downtown,6603326.0
HOUSE00102,2229.0,2,1.0,34.6,8.08,2,0,Suburban,7665424.0
HOUSE00103,1521.0,5,4.0,14.8,11.7,0,0,Rural,5813401.0
HOUSE00104,1676.0,3,2.0,4.1,2.42,0,1,Suburban,6598880.0
HOUSE00105,1656.0,5,3.0,15.0,7.05,2,1,Rural,6193316.0
HOUSE00106,14200.0,3,2.0,13.7,8.8,2,0,Rural,4707446.0
HOUSE00107,2725.0,3,2.0,6.0,6.98,1,1,Suburban,10044384.0
HOUSE00108,2040.0,6,3.0,13.2,0.3,2,0,Suburban,8025907.0
HOUSE00109,2430.0,5,3.0,32.4,13.58,3,1,Suburban,9251708.0
HOUSE00110,1270.0,2,1.0,12.1,0.68,1,1,Waterfront,5951205.0
HOUSE00111,873.0,6,3.0,29.4,18.29,0,1,Rural,3524140.0
HOUSE00112,1647.0,3,1.0,3.2,6.74,1,0,Downtown,7073717.0
HOUSE00113,2348.0,4,3.0,10.1,5.5,1,1,Rural,8583371.0
HOUSE00114,1615.0,4,3.0,63.6,0.3,1,1,Suburban,6154146.0
HOUSE00115,2055.0,4,4.0,6.3,5.17,3,1,Rural,7812110.0
HOUSE00116,2011.0,2,2.0,33.1,1.69,2,1,Waterfront,8426605.0
HOUSE00117,1590.0,5,3.0,6.9,17.71,1,1,Rural,5900199.0
HOUSE00118,2138.0,3,1.0,16.2,1.87,1,0,Downtown,8344919.0
HOUSE00119,1481.0,1,1.0,1.9,17.04,1,0,Rural,4723207.0
HOUSE00120,1999.0,3,2.0,3.6,1.43,3,1,Downtown,8400455.0
HOUSE00121,1214.0,3,2.0,13.0,0.86,1,1,Uptown,5283165.0
HOUSE00122,2637.0,4,3.0,32.9,3.87,1,1,Uptown,9987494.0
HOUSE00123,2830.0,3,2.0,,7.91,3,0,Suburban,10428975.0
HOUSE00124,662.0,4,3.0,4.2,6.92,3,1,Suburban,3773958.0
HOUSE00125,1855.0,2,1.0,3.3,5.75,1,0,Rural,6267535.0
HOUSE00126,2356.0,4,2.0,27.6,10.89,3,1,Downtown,9422283.0
HOUSE00127,2003.0,3,3.0,40.1,0.3,2,1,Suburban,7330188.0
HOUSE00128,1761.0,4,3.0,7.0,4.88,3,1,Suburban,7099168.0
HOUSE00129,2010.0,3,2.0,7.6,5.76,2,1,Uptown,7950613.0
HOUSE00130,1739.0,3,1.0,1.0,1.47,3,0,Suburban,6688408.0
HOUSE00131,2691.0,4,2.0,1.5,13.94,1,1,Downtown,10789126.0
HOUSE00132,1482.0,4,2.0,6.9,4.88,3,1,Uptown,6597637.0
HOUSE00133,2116.0,4,3.0,2.9,0.39,2,1,Suburban,8486479.0
HOUSE00134,2917.0,3,2.0,7.7,8.32,2,0,Downtown,11095734.0
HOUSE00135,2659.0,3,2.0,1.2,0.55,0,1,Suburban,9457541.0
HOUSE00136,2292.0,3,3.0,5.2,6.85,2,0,Suburban,8488552.0
HOUSE00137,2166.0,1,1.0,5.7,12.27,1,1,Suburban,7635825.0
HOUSE00138,1964.0,3,1.0,12.8,4.13,2,1,Waterfront,8192358.0
HOUSE00139,1964.0,2,1.0,20.4,2.22,2,1,Downtown,7923720.0
HOUSE00140,2194.0,5,,5.2,1.79,2,1,Rural,8240611.0
HOUSE00141,2026.0,2,1.0,21.7,1.42,1,0,Suburban,7115067.0
HOUSE00142,2762.0,5,3.0,5.1,0.3,2,1,Downtown,11067254.0
HOUSE00143,1084.0,5,3.0,9.4,3.67,0,0,Rural,4172440.0
HOUSE00144,1089.0,3,2.0,4.4,2.44,2,1,Suburban,4958767.0
HOUSE00145,450.0,3,2.0,4.1,5.57,1,0,Waterfront,3519529.0
HOUSE00146,2025.0,3,1.0,1.9,15.31,1,1,Suburban,7268672.0
HOUSE00147,2054.0,3,2.0,7.6,17.64,3,1,Downtown,8433265.0
HOUSE00148,2971.0,3,1.0,0.8,40.51,1,1,Suburban,9989358.0
HOUSE00149,2379.0,3,1.0,1.2,3.81,2,0,Suburban,8554857.0
HOUSE00150,2479.0,1,1.0,17.2,4.07,2,0,Uptown,8985874.0
HOUSE00151,1694.0,2,1.0,6.6,2.75,1,0,Downtown,7093130.0
HOUSE00152,1931.0,3,2.0,2.5,0.3,1,0,Rural,7173208.0
HOUSE00153,2351.0,2,1.0,21.5,11.28,3,0,Waterfront,9383258.0
HOUSE00154,1724.0,3,2.0,15.0,5.57,2,0,Rural,6216483.0
HOUSE00155,2692.0,3,2.0,0.5,23.7,3,0,Uptown,10081746.0
HOUSE00156,2190.0,5,3.0,15.1,0.81,1,0,Rural,7986150.0
HOUSE00157,2326.0,5,2.0,27.2,6.33,2,1,Rural,8420637.0
HOUSE00158,2159.0,3,2.0,9.1,2.06,2,0,Uptown,8386495.0
HOUSE00159,1769.0,3,1.0,27.5,15.87,3,0,Suburban,6595617.0
HOUSE00160,1860.0,2,1.0,6.3,4.1,2,1,Rural,6547136.0
HOUSE00161,1042.0,5,3.0,7.0,1.05,2,1,Suburban,4985930.0
HOUSE00162,1158.0,3,1.0,37.6,6.29,1,1,Rural,3972021.0
HOUSE00163,1727.0,3,3.0,2.1,6.93,0,1,Uptown,7385444.0
HOUSE00164,1060.0,5,2.0,8.3,4.6,1,0,Suburban,4726182.0
HOUSE00165,969.0,2,2.0,10.1,0.36,1,1,Downtown,4936069.0
HOUSE00166,450.0,4,2.0,31.5,0.75,2,1,Suburban,2893495.0
HOUSE00167,1219.0,4,2.0,42.0,6.75,1,1,Waterfront,5932964.0
HOUSE00168,1508.0,3,2.0,20.0,11.74,1,1,Suburban,5988753.0
HOUSE00169,1826.0,4,3.0,9.5,5.26,1,0,Rural,6711701.0
HOUSE00170,1383.0,2,1.0,0.4,7.18,1,0,Suburban,5255250.0
HOUSE00171,1706.0,4,2.0,2.2,1.8,1,0,Suburban,6817924.0
HOUSE00172,2405.0,6,4.0,4.9,9.93,1,0,Uptown,9977524.0
HOUSE00173,2545.0,5,4.0,49.0,0.79,1,1,Rural,9088561.0
HOUSE00174,1115.0,1,1.0,21.8,10.06,1,1,Downtown,4945018.0
HOUSE00175,915.0,4,3.0,11.4,5.57,0,1,Waterfront,5126490.0
HOUSE00176,2105.0,6,4.0,2.8,0.36,2,1,Rural,8301995.0
HOUSE00177,559.0,2,2.0,22.6,1.91,1,0,Suburban,2316660.0
HOUSE00178,1786.0,2,2.0,40.4,11.77,0,1,Suburban,6517940.0
HOUSE00179,1578.0,5,3.0,39.6,1.44,1,0,Suburban,6601399.0
HOUSE00180,2286.0,3,2.0,78.5,1.06,0,1,Suburban,7717600.0
HOUSE00181,1785.0,2,1.0,7.7,2.96,2,0,Downtown,7744933.0
HOUSE00182,3723.0,2,2.0,15.0,9.29,1,0,Downtown,13291450.0
HOUSE00183,1516.0,3,2.0,7.0,0.3,2,1,Waterfront,6983975.0
HOUSE00184,1397.0,4,4.0,8.1,6.91,2,1,Waterfront,7009365.0
HOUSE00185,1538.0,3,2.0,2.6,7.86,3,0,Waterfront,6960309.0
HOUSE00186,2513.0,3,2.0,2.0,39.37,0,1,Rural,8421115.0
HOUSE00187,1090.0,3,2.0,8.2,1.15,2,1,Rural,4173086.0
HOUSE00188,1936.0,2,2.0,19.3,1.27,1,1,Rural,6536023.0
HOUSE00189,1428.0,4,2.0,8.9,2.19,0,1,Downtown,6618134.0
HOUSE00190,1060.0,4,,24.6,11.01,3,1,Rural,4289679.0
HOUSE00191,2913.0,3,2.0,,8.66,2,1,Rural,10163773.0
HOUSE00192,1695.0,3,1.0,0.6,5.55,1,1,Rural,6074511.0
HOUSE00193,2579.0,3,3.0,18.0,7.74,1,0,Downtown,9860186.0
HOUSE00194,1622.0,3,1.0,14.7,8.83,1,1,Rural,6114212.0
HOUSE00195,1159.0,5,3.0,4.5,7.97,3,0,Waterfront,6244875.0
HOUSE00196,2629.0,1,1.0,0.2,7.76,0,0,Suburban,8887944.0
HOUSE00197,3044.0,2,2.0,9.9,3.07,0,0,Rural,10212316.0
HOUSE00198,1364.0,1,1.0,5.4,8.83,1,0,Suburban,4932587.0
HOUSE00199,1934.0,3,1.0,33.3,1.26,1,1,Downtown,8051646.0
HOUSE00200,984.0,3,1.0,43.9,4.13,2,1,Suburban,3661338.0
HOUSE00201,2048.0,5,3.0,4.9,7.53,1,1,Rural,7765466.0
HOUSE00202,1670.0,2,2.0,7.9,10.05,3,0,Rural,6147809.0
HOUSE00203,1264.0,4,3.0,0.1,8.93,3,0,Suburban,5577716.0
HOUSE00204,2207.0,4,4.0,3.2,11.39,0,0,Suburban,8244995.0
HOUSE00205,1252.0,1,1.0,12.1,12.49,1,1,Rural,4175168.0
HOUSE00206,1244.0,6,4.0,15.5,4.82,1,1,Rural,5509248.0
HOUSE00207,1736.0,4,1.0,23.7,23.22,2,1,Downtown,7095924.0
HOUSE00208,2352.0,6,5.0,45.6,4.71,1,0,Suburban,8888789.0
HOUSE00209,1630.0,3,2.0,4.2,2.44,3,0,Rural,6078171.0
HOUSE00210,1167.0,5,3.0,28.2,6.08,2,1,Uptown,5652194.0
HOUSE00211,1349.0,3,2.0,12.0,1.97,3,0,Suburban,5397767.0
HOUSE00212,1625.0,4,2.0,14.5,0.3,3,1,Downtown,7209043.0
HOUSE00213,1384.0,3,1.0,40.3,12.57,1,0,Downtown,5642147.0
HOUSE00214,1809.0,2,2.0,2.3,39.32,2,0,Downtown,7077259.0
HOUSE00215,2198.0,4,2.0,4.6,17.57,2,1,Suburban,8481752.0
HOUSE00216,459.0,3,2.0,25.8,3.91,2,0,Uptown,2673034.0
HOUSE00217,2302.0,5,4.0,11.0,0.46,1,1,Uptown,9422102.0
HOUSE00218,2420.0,3,3.0,11.6,1.99,0,1,Suburban,9065003.0
HOUSE00219,555.0,4,,7.1,7.38,2,1,Suburban,3144925.0
HOUSE00220,1934.0,3,1.0,17.8,5.78,1,0,Suburban,7089540.0
HOUSE00221,1948.0,3,2.0,70.2,5.49,0,1,Rural,6319474.0
HOUSE00222,1759.0,2,2.0,3.6,18.53,1,1,Waterfront,7413633.0
HOUSE00223,2124.0,3,2.0,24.1,4.44,1,0,Rural,7124374.0
HOUSE00224,2517.0,2,1.0,30.6,1.73,2,1,Rural,8680330.0
HOUSE00225,1280.0,3,1.0,26.0,5.59,1,0,Uptown,5263299.0
HOUSE00226,1124.0,2,2.0,10.0,6.34,1,1,Rural,4279202.0
HOUSE00227,913.0,4,3.0,48.5,3.11,2,1,Suburban,4040158.0
HOUSE00228,2700.0,2,2.0,14.3,21.09,2,0,Suburban,9496358.0
HOUSE00229,1621.0,4,3.0,11.3,4.75,2,1,Downtown,6933555.0
HOUSE00230,1641.0,4,3.0,3.1,1.33,2,1,Waterfront,7925071.0
HOUSE00231,3053.0,5,3.0,3.9,5.02,1,1,Downtown,12163390.0
HOUSE00232,989.0,3,2.0,18.1,8.42,1,0,Suburban,4244953.0
HOUSE00233,2864.0,4,4.0,7.6,2.59,0,0,Downtown,11024738.0
HOUSE00234,1441.0,3,2.0,9.7,2.99,0,0,Suburban,5811226.0
HOUSE00235,1339.0,5,3.0,11.6,2.44,2,1,Uptown,6080833.0
HOUSE00236,1399.0,4,3.0,4.6,2.43,1,1,Suburban,5659081.0
HOUSE00237,1881.0,4,2.0,16.1,12.14,2,0,Suburban,7268074.0
HOUSE00238,900.0,5,3.0,3.2,,2,0,Downtown,5353294.0
HOUSE00239,1679.0,2,2.0,7.9,1.76,2,1,Downtown,7475655.0
HOUSE00240,2640.0,3,1.0,1.0,9.03,0,1,Suburban,9427499.0
HOUSE00241,1884.0,5,3.0,7.0,0.4,0,0,Suburban,7428404.0
HOUSE00242,1818.0,3,2.0,10.3,17.48,2,1,Uptown,7416462.0
HOUSE00243,1812.0,2,1.0,12.3,2.38,2,1,Downtown,7786489.0
HOUSE00244,2904.0,2,1.0,0.8,7.1,1,1,Suburban,10156889.0
HOUSE00245,1625.0,4,2.0,19.8,0.34,3,0,Uptown,6859346.0
HOUSE00246,1849.0,4,2.0,19.7,0.59,2,0,Suburban,7036102.0
HOUSE00247,1424.0,2,1.0,14.9,8.3,2,0,Downtown,6196833.0
HOUSE00248,1756.0,4,3.0,,45.0,2,1,Suburban,6581135.0
HOUSE00249,1844.0,5,3.0,47.9,0.39,3,1,Rural,6837746.0
HOUSE00250,2608.0,3,2.0,13.0,0.3,1,1,Rural,8928654.0
HOUSE00251,2640.0,5,4.0,16.6,17.36,2,0,Waterfront,10596038.0
HOUSE00252,2180.0,5,3.0,18.5,24.6,1,0,Suburban,8393840.0
HOUSE00253,1580.0,4,3.0,25.5,0.6,1,1,Rural,5787702.0
HOUSE00254,2523.0,4,2.0,1.7,15.04,1,1,Suburban,9248703.0
HOUSE00255,818.0,4,2.0,42.7,1.41,1,1,Suburban,3564501.0
HOUSE00256,1307.0,2,1.0,14.8,16.63,1,1,Uptown,5330877.0
HOUSE00257,1519.0,3,3.0,29.5,,2,1,Rural,5666004.0
HOUSE00258,2036.0,3,3.0,36.7,0.66,1,0,Rural,7277743.0
HOUSE00259,450.0,4,2.0,0.3,12.67,1,1,Rural,2231679.0
HOUSE00260,1858.0,4,2.0,13.5,17.43,1,0,Downtown,7766056.0
HOUSE00261,2449.0,5,3.0,6.2,2.21,1,0,Rural,9096052.0
HOUSE00262,1235.0,5,4.0,4.9,2.87,1,0,Waterfront,6505356.0
HOUSE00263,683.0,3,3.0,25.8,5.4,2,0,Suburban,3245803.0
HOUSE00264,1992.0,3,,56.8,10.43,3,0,Downtown,8045620.0
HOUSE00265,1874.0,4,2.0,28.4,1.56,2,1,Rural,6706759.0
HOUSE00266,2483.0,4,2.0,14.2,13.5,1,1,Rural,8696110.0
HOUSE00267,2294.0,1,1.0,6.1,7.5,1,0,Suburban,8024082.0
HOUSE00268,2489.0,3,2.0,4.7,5.16,0,1,Downtown,9769879.0
HOUSE00269,2011.0,5,,52.0,10.07,1,1,Suburban,7655800.0
HOUSE00270,2513.0,5,4.0,5.4,2.77,0,0,Suburban,9456914.0
HOUSE00271,1817.0,5,3.0,1.8,0.3,2,1,Rural,6851664.0
HOUSE00272,1704.0,2,,44.7,19.1,0,0,Suburban,5958334.0
HOUSE00273,450.0,4,2.0,9.3,30.7,1,0,Downtown,3292429.0
HOUSE00274,947.0,3,2.0,56.7,4.44,1,1,Waterfront,5071042.0
HOUSE00275,1104.0,2,1.0,1.9,3.89,0,1,Downtown,5329110.0
HOUSE00276,1301.0,4,2.0,28.3,10.9,0,1,Uptown,5502019.0
HOUSE00277,2028.0,4,3.0,28.7,5.4,1,0,Suburban,7863257.0
HOUSE00278,1248.0,3,1.0,8.1,4.08,2,1,Rural,4705353.0
HOUSE00279,2057.0,2,1.0,6.7,12.88,2,1,Suburban,7613545.0
HOUSE00280,3098.0,2,2.0,19.8,9.02,2,1,Uptown,11349201.0
HOUSE00281,2011.0,1,1.0,8.6,4.16,2,1,Uptown,7282748.0
HOUSE00282,1817.0,5,3.0,6.7,10.85,2,1,Suburban,7588451.0
HOUSE00283,1560.0,3,1.0,3.5,0.3,1,0,Downtown,6587906.0
HOUSE00284,714.0,1,1.0,1.8,9.15,1,1,Rural,2910314.0
HOUSE00285,2019.0,3,3.0,16.1,10.14,3,0,Downtown,8540965.0
HOUSE00286,2268.0,2,1.0,34.0,6.83,3,0,Rural,7676850.0
HOUSE00287,1066.0,4,3.0,2.0,11.66,3,1,Waterfront,5693106.0
HOUSE00288,1446.0,3,3.0,4.2,5.66,2,1,Waterfront,6733889.0
HOUSE00289,2574.0,2,2.0,23.9,2.75,1,1,Downtown,9920274.0
HOUSE00290,1134.0,3,2.0,22.2,7.79,2,1,Suburban,4459306.0
HOUSE00291,827.0,3,1.0,2.0,5.05,0,1,Rural,3212985.0
HOUSE00292,1250.0,3,1.0,4.3,7.67,2,1,Rural,4715600.0
HOUSE00293,1338.0,1,1.0,65.5,17.36,1,1,Downtown,5397765.0
HOUSE00294,1403.0,1,1.0,4.4,7.45,0,1,Suburban,5083903.0
HOUSE00295,1997.0,5,3.0,12.9,5.88,2,0,Uptown,8232734.0
HOUSE00296,14290.0,4,4.0,0.6,25.78,2,0,Uptown,6274646.0
HOUSE00297,1451.0,2,1.0,2.1,3.08,0,0,Rural,5005266.0
HOUSE00298,1625.0,3,2.0,0.7,3.98,1,1,Downtown,7109406.0
HOUSE00299,1447.0,3,2.0,17.3,0.9,1,0,Suburban,5518994.0
HOUSE00300,1811.0,3,3.0,45.3,15.14,3,0,Rural,6326118.0
HOUSE00301,2263.0,3,1.0,60.8,5.2,2,0,Rural,7648460.0
HOUSE00302,2455.0,2,2.0,19.5,25.33,1,0,Suburban,8498929.0
HOUSE00303,974.0,3,2.0,8.6,8.68,1,0,Suburban,4160780.0
HOUSE00304,2656.0,2,2.0,5.8,7.07,1,0,Downtown,10238134.0
HOUSE00305,2451.0,4,2.0,44.6,3.67,1,1,Uptown,8817597.0
HOUSE00306,1317.0,3,3.0,20.9,3.52,1,1,Downtown,6056599.0
HOUSE00307,2053.0,4,3.0,19.7,5.33,1,1,Downtown,8416182.0
HOUSE00308,1692.0,4,3.0,3.9,0.3,0,1,Suburban,6726091.0
HOUSE00309,1779.0,4,3.0,8.9,8.37,0,1,Waterfront,7840670.0
HOUSE00310,2675.0,3,2.0,7.6,5.79,3,0,Downtown,10421245.0
HOUSE00311,2615.0,2,1.0,1.1,4.2,1,0,Downtown,10075474.0
HOUSE00312,1096.0,2,2.0,6.1,15.52,1,1,Rural,3896003.0
HOUSE00313,2121.0,3,1.0,23.4,4.24,1,0,Downtown,8144852.0
HOUSE00314,1809.0,4,2.0,4.1,9.61,2,0,Suburban,6975484.0
HOUSE00315,1351.0,2,1.0,14.2,3.95,1,0,Suburban,5130524.0
HOUSE00316,2635.0,2,1.0,2.1,16.44,2,0,Suburban,9223535.0
HOUSE00317,1397.0,3,,5.1,19.57,1,1,Rural,5255845.0
HOUSE00318,1848.0,2,2.0,16.0,32.8,2,0,Suburban,6645956.0
HOUSE00319,1840.0,4,2.0,5.1,13.98,1,1,Suburban,6941559.0
HOUSE00320,696.0,4,2.0,8.7,1.57,2,0,Downtown,4364694.0
HOUSE00321,1152.0,4,2.0,3.9,0.3,3,1,Rural,4705866.0
HOUSE00322,2253.0,1,1.0,1.2,2.28,1,1,Waterfront,8896621.0
HOUSE00323,2005.0,3,2.0,1.1,7.99,2,1,Rural,7273368.0
HOUSE00324,1698.0,1,1.0,9.5,19.08,2,0,Suburban,6334909.0
HOUSE00325,2445.0,6,4.0,4.3,2.2,2,1,Downtown,10440863.0
HOUSE00326,2503.0,4,1.0,22.6,9.53,2,0,Rural,8773852.0
HOUSE00327,834.0,3,2.0,6.4,4.27,1,0,Suburban,3794050.0
HOUSE00328,2318.0,1,1.0,3.5,10.95,3,0,Suburban,8311607.0
HOUSE00329,1669.0,4,3.0,45.8,7.32,3,0,Waterfront,7671254.0
HOUSE00330,2536.0,3,1.0,7.3,5.5,2,1,Waterfront,10389223.0
HOUSE00331,2146.0,2,1.0,5.2,0.59,2,1,Downtown,8643508.0
HOUSE00332,1748.0,4,2.0,24.4,1.51,1,1,Uptown,7104860.0
HOUSE00333,1741.0,3,,10.3,1.13,0,1,Rural,6213625.0
HOUSE00334,450.0,3,3.0,25.5,8.43,1,1,Rural,2202362.0
HOUSE00335,1978.0,3,2.0,0.6,18.93,1,1,Uptown,7746801.0
HOUSE00336,2280.0,2,2.0,19.6,4.32,2,0,Rural,7779245.0
HOUSE00337,1872.0,4,2.0,12.3,3.82,1,0,Suburban,7171723.0
HOUSE00338,1092.0,4,2.0,29.1,8.57,3,1,Rural,4341638.0
HOUSE00339,1628.0,1,1.0,5.8,1.6,2,1,Suburban,6303981.0
HOUSE00340,1555.0,5,3.0,7.1,18.22,2,1,Suburban,6457097.0
HOUSE00341,2004.0,5,3.0,10.8,12.88,3,0,Downtown,8809962.0
HOUSE00342,2151.0,3,2.0,31.9,4.55,0,0,Uptown,7845938.0
HOUSE00343,450.0,4,3.0,0.7,17.82,1,0,Waterfront,3348932.0
HOUSE00344,966.0,3,3.0,7.2,4.55,3,1,Downtown,4908846.0
HOUSE00345,1111.0,1,2.0,1.1,10.49,3,1,Downtown,5168947.0
HOUSE00346,1264.0,2,2.0,16.3,13.74,1,0,Suburban,5005083.0
HOUSE00347,2187.0,4,4.0,2.8,2.02,0,1,Downtown,9390216.0
HOUSE00348,1364.0,3,2.0,2.9,11.72,0,0,Downtown,6059333.0
HOUSE00349,2145.0,5,4.0,37.3,5.21,1,0,Rural,7604507.0
HOUSE00350,1722.0,2,1.0,1.5,14.21,2,0,Rural,6094741.0
HOUSE00351,1413.0,3,3.0,33.1,0.76,1,0,Suburban,5526764.0
HOUSE00352,1940.0,2,1.0,13.4,3.29,1,1,Rural,6253150.0
HOUSE00353,1180.0,4,3.0,2.0,7.83,1,1,Suburban,5337817.0
HOUSE00354,1323.0,4,3.0,,4.01,1,1,Rural,5313715.0
HOUSE00355,1388.0,2,2.0,1.0,3.12,1,0,Downtown,5999442.0
HOUSE00356,1222.0,2,2.0,8.9,2.17,2,1,Suburban,4781199.0
HOUSE00357,488.0,4,3.0,5.1,2.65,2,0,Uptown,3186946.0
HOUSE00358,2529.0,2,1.0,4.7,6.67,3,0,Suburban,9091420.0
HOUSE00359,2724.0,3,2.0,5.1,0.59,1,1,Rural,9714900.0
HOUSE00360,2697.0,2,2.0,17.6,0.37,2,0,Suburban,9732203.0
HOUSE00361,2671.0,3,2.0,19.3,6.72,1,0,Rural,8931007.0
HOUSE00362,1781.0,3,1.0,19.4,11.05,2,1,Suburban,6501247.0
HOUSE00363,2501.0,3,1.0,7.2,1.36,1,0,Downtown,9822745.0
HOUSE00364,2478.0,3,2.0,9.8,8.38,2,1,Rural,8711405.0
HOUSE00365,3042.0,3,2.0,22.6,8.81,0,0,Uptown,10592375.0
HOUSE00366,2072.0,4,3.0,21.6,5.38,1,1,Rural,7482015.0
HOUSE00367,2599.0,3,2.0,47.8,1.81,3,0,Downtown,10038762.0
HOUSE00368,2068.0,3,1.0,7.0,11.06,2,1,Rural,7284951.0
HOUSE00369,2830.0,4,2.0,33.3,8.55,1,0,Waterfront,11004116.0
HOUSE00370,2019.0,4,3.0,10.1,3.31,2,1,Rural,7365174.0
HOUSE00371,1389.0,4,2.0,17.0,9.58,2,1,Suburban,5717594.0
HOUSE00372,1341.0,2,1.0,18.7,10.73,1,1,Rural,4621868.0
HOUSE00373,1929.0,3,2.0,1.7,1.92,3,0,Downtown,8082843.0
HOUSE00374,2162.0,3,2.0,9.4,7.95,2,1,Suburban,8067589.0
HOUSE00375,3028.0,3,2.0,6.8,14.77,0,0,Uptown,10793048.0
HOUSE00376,2148.0,4,,8.8,12.62,0,1,Uptown,8265245.0
HOUSE00377,1675.0,3,2.0,0.9,1.47,2,1,Downtown,7355512.0
HOUSE00378,1302.0,3,1.0,2.6,18.22,1,1,Downtown,5614296.0
HOUSE00379,2466.0,2,2.0,4.5,15.38,2,1,Rural,8266965.0
HOUSE00380,1943.0,5,4.0,14.0,15.28,1,0,Suburban,7290688.0
HOUSE00381,2406.0,3,1.0,11.1,18.38,2,0,Rural,8073058.0
HOUSE00382,997.0,1,1.0,32.3,43.3,1,1,Downtown,4089017.0
HOUSE00383,1146.0,3,2.0,7.0,0.39,2,1,Downtown,5629505.0
HOUSE00384,2810.0,4,3.0,0.4,4.3,0,0,Uptown,10675024.0
HOUSE00385,2528.0,5,3.0,11.6,6.39,1,1,Downtown,10256542.0
HOUSE00386,1278.0,4,2.0,7.6,15.5,2,0,Waterfront,6146263.0
HOUSE00387,1387.0,2,1.0,5.1,7.05,1,1,Waterfront,6130119.0
HOUSE00388,1051.0,2,3.0,11.5,1.2,1,0,Suburban,4326213.0
HOUSE00389,2235.0,4,3.0,9.7,0.88,0,1,Rural,8195599.0
HOUSE00390,1984.0,2,1.0,0.8,2.29,2,0,Suburban,7328875.0
HOUSE00391,1493.0,3,2.0,1.8,10.07,1,1,Suburban,5952376.0
HOUSE00392,1410.0,4,3.0,62.2,4.13,2,1,Waterfront,6458566.0
HOUSE00393,1303.0,5,3.0,3.1,2.46,3,1,Rural,5571596.0
HOUSE00394,2715.0,5,3.0,17.2,0.42,0,0,Suburban,10061207.0
HOUSE00395,2093.0,3,2.0,10.5,18.13,2,0,Rural,7502539.0
HOUSE00396,2215.0,5,3.0,2.8,18.82,1,0,Uptown,8982260.0
HOUSE00397,1436.0,4,3.0,23.1,8.76,0,1,Downtown,6490214.0
HOUSE00398,669.0,4,3.0,10.5,0.88,2,0,Downtown,4335551.0
HOUSE00399,2469.0,3,3.0,3.8,5.0,2,0,Rural,8777580.0
HOUSE00400,996.0,5,3.0,10.0,2.25,1,1,Suburban,5021240.0
HOUSE00401,2263.0,4,1.0,0.3,14.47,1,1,Waterfront,9049852.0
HOUSE00402,1306.0,3,2.0,3.4,6.33,3,0,Downtown,6284117.0
HOUSE00403,2160.0,4,3.0,9.6,20.45,1,1,Uptown,8455419.0
HOUSE00404,1510.0,4,2.0,8.6,6.12,1,1,Downtown,6907447.0
HOUSE00405,1653.0,2,2.0,13.0,4.14,1,0,Uptown,6431128.0
HOUSE00406,1653.0,2,2.0,13.0,4.14,1,0,Uptown,6431128.0
HOUSE00407,1056.0,3,2.0,0.0,20.03,0,0,Rural,3978273.0
HOUSE00408,1742.0,3,2.0,8.5,3.62,3,0,Rural,6231080.0
HOUSE00409,1880.0,5,4.0,15.4,6.87,1,0,Rural,7569805.0
HOUSE00410,2410.0,3,2.0,36.5,5.92,2,0,Rural,8457920.0
HOUSE00411,2099.0,4,3.0,11.7,6.46,1,0,Uptown,7872657.0
HOUSE00412,1857.0,6,3.0,5.7,2.36,2,0,Waterfront,8549074.0
HOUSE00413,603.0,4,2.0,11.7,3.6,2,1,Downtown,3824898.0
HOUSE00414,1700.0,5,3.0,8.1,0.32,2,0,Rural,6626496.0
HOUSE00415,1223.0,4,4.0,13.0,4.38,2,0,Suburban,5346272.0
HOUSE00416,1462.0,4,2.0,1.0,17.8,1,1,Uptown,6276742.0
HOUSE00417,1734.0,3,1.0,67.5,8.75,2,1,Uptown,6319224.0
HOUSE00418,2515.0,5,3.0,0.5,1.62,2,1,Rural,9470783.0
HOUSE00419,1920.0,2,2.0,2.6,1.34,2,0,Rural,6884033.0
HOUSE00420,1689.0,3,2.0,3.0,16.02,2,1,Rural,5940970.0
HOUSE00421,1903.0,4,3.0,15.7,16.98,1,0,Downtown,8001542.0
HOUSE00422,1561.0,3,2.0,2.0,1.92,3,1,Uptown,6505893.0
HOUSE00423,472.0,4,2.0,15.0,4.75,1,1,Suburban,2693537.0
HOUSE00424,1733.0,6,3.0,5.2,10.72,1,1,Waterfront,7948218.0
HOUSE00425,2896.0,2,2.0,6.2,5.65,2,0,Rural,9971485.0
HOUSE00426,1529.0,5,3.0,27.8,2.32,1,0,Suburban,6106384.0
HOUSE00427,1818.0,3,2.0,73.5,21.01,1,1,Uptown,6888804.0
HOUSE00428,2543.0,2,1.0,10.4,6.99,2,1,Downtown,10012186.0
HOUSE00429,2293.0,4,3.0,31.3,6.66,2,0,Rural,8156265.0
HOUSE00430,1278.0,4,3.0,41.7,2.2,1,0,Waterfront,5862685.0
HOUSE00431,1913.0,3,1.0,20.4,1.81,2,1,Downtown,7890217.0
HOUSE00432,2233.0,2,2.0,10.5,24.44,2,1,Uptown,8613885.0
HOUSE00433,2270.0,4,2.0,3.5,17.6,1,1,Suburban,8390156.0
HOUSE00434,2394.0,3,3.0,17.0,2.09,1,1,Rural,8441641.0
HOUSE00435,864.0,2,1.0,40.9,4.98,1,0,Suburban,3347067.0
HOUSE00436,1121.0,5,4.0,44.7,0.32,1,0,Uptown,4910606.0
HOUSE00437,1139.0,3,2.0,12.8,0.3,3,0,Uptown,4972570.0
HOUSE00438,2780.0,4,2.0,15.6,8.35,0,1,Rural,9651312.0
HOUSE00439,1125.0,1,2.0,52.7,1.95,3,1,Downtown,5144135.0
HOUSE00440,2751.0,3,3.0,5.4,12.67,2,1,Uptown,10377473.0
HOUSE00441,1998.0,3,1.0,11.7,0.7,0,0,Suburban,7067261.0
HOUSE00442,4003.0,1,1.0,12.3,5.39,3,1,Rural,13286940.0
HOUSE00443,2127.0,4,3.0,1.4,6.88,2,0,Uptown,8430148.0
HOUSE00444,2232.0,2,2.0,0.1,10.09,3,0,Downtown,9049236.0
HOUSE00445,2106.0,5,3.0,7.6,12.46,1,0,Suburban,8041363.0
HOUSE00446,2441.0,5,3.0,2.0,2.11,1,1,Waterfront,10380908.0
HOUSE00447,1556.0,3,2.0,20.3,2.57,1,1,Suburban,5951893.0
HOUSE00448,1108.0,3,2.0,,6.97,0,0,Uptown,4479266.0
HOUSE00449,1128.0,4,2.0,,1.93,2,0,Suburban,5201396.0
HOUSE00450,2628.0,6,4.0,18.5,0.3,1,0,Downtown,10774192.0
HOUSE00451,2020.0,2,1.0,12.6,11.87,0,0,Rural,6524007.0
HOUSE00452,468.0,5,3.0,8.9,15.09,2,0,Suburban,3029450.0
HOUSE00453,945.0,4,3.0,8.1,13.15,2,1,Rural,4134177.0
HOUSE00454,1874.0,3,2.0,5.2,8.13,3,0,Uptown,7724303.0
HOUSE00455,1720.0,4,3.0,8.8,25.27,3,0,Suburban,6737801.0
HOUSE00456,1717.0,4,3.0,27.6,22.66,1,1,Suburban,6445212.0
HOUSE00457,2369.0,4,2.0,36.3,15.98,2,1,Suburban,8788007.0
HOUSE00458,1793.0,3,2.0,66.8,0.3,2,1,Downtown,7164452.0
HOUSE00459,702.0,3,2.0,4.3,16.48,2,1,Suburban,3184741.0
HOUSE00460,1601.0,2,2.0,18.8,4.43,1,1,Rural,5424916.0
HOUSE00461,2736.0,3,1.0,15.4,1.07,2,1,Suburban,10026138.0
HOUSE00462,1014.0,4,1.0,4.8,7.65,2,0,Suburban,4454289.0
HOUSE00463,1606.0,2,1.0,19.1,6.4,1,1,Suburban,6021975.0
HOUSE00464,2393.0,3,2.0,4.0,16.02,1,1,Rural,8437382.0
HOUSE00465,1113.0,4,2.0,4.4,14.6,1,0,Rural,4126398.0
HOUSE00466,1236.0,5,3.0,20.8,0.46,2,0,Downtown,6550453.0
HOUSE00467,1080.0,2,2.0,7.6,2.65,1,1,Uptown,4871115.0
HOUSE00468,2302.0,3,3.0,4.5,6.99,1,1,Suburban,8619226.0
HOUSE00469,1396.0,3,2.0,31.1,10.61,3,0,Uptown,6127275.0
HOUSE00470,1820.0,4,3.0,15.1,12.18,1,0,Suburban,7076646.0
HOUSE00471,2114.0,4,3.0,25.0,8.44,1,1,Uptown,8236410.0
HOUSE00472,1412.0,3,2.0,9.4,5.32,1,1,Uptown,5860541.0
HOUSE00473,3372.0,5,3.0,19.1,17.14,1,1,Suburban,12049913.0
HOUSE00474,1312.0,6,2.0,,5.23,1,1,Suburban,5798301.0
HOUSE00475,1549.0,4,3.0,29.1,2.76,2,0,Uptown,6650676.0
HOUSE00476,2610.0,4,4.0,8.0,15.42,2,0,Suburban,9395792.0
HOUSE00477,2369.0,4,2.0,36.3,15.98,2,1,Suburban,8788007.0
HOUSE00478,2304.0,3,1.0,0.5,0.3,1,1,Rural,8243331.0
HOUSE00479,2344.0,3,3.0,10.7,2.27,0,0,Waterfront,9378401.0
HOUSE00480,698.0,2,1.0,4.0,6.72,2,1,Rural,2722022.0
HOUSE00481,2077.0,2,2.0,13.5,10.02,1,1,Downtown,8321587.0
HOUSE00482,2353.0,4,3.0,15.4,4.85,0,0,Suburban,8668301.0
HOUSE00483,1509.0,2,1.0,6.8,3.48,2,0,Waterfront,6714743.0
HOUSE00484,2058.0,4,3.0,21.2,1.89,3,1,Waterfront,9123096.0
HOUSE00485,2782.0,4,2.0,19.0,1.38,2,1,Waterfront,10831587.0
HOUSE00486,1992.0,4,2.0,10.0,17.11,1,1,Suburban,7543724.0
HOUSE00487,2774.0,5,3.0,4.3,7.81,2,1,Suburban,10170647.0
HOUSE00488,1744.0,6,2.0,25.3,2.15,2,0,Suburban,6918603.0
HOUSE00489,1836.0,5,3.0,7.6,8.88,1,1,Rural,6680779.0
HOUSE00490,1974.0,3,2.0,8.4,0.54,1,1,Waterfront,8195027.0
HOUSE00491,2076.0,4,2.0,34.8,4.97,1,0,Rural,7513747.0
HOUSE00492,1970.0,6,2.0,16.4,3.5,2,1,Waterfront,8927061.0
HOUSE00493,1720.0,3,2.0,0.7,0.59,1,1,Uptown,7336137.0
HOUSE00494,1759.0,5,,1.8,8.03,2,1,Downtown,7729226.0
HOUSE00495,687.0,3,2.0,8.3,3.28,3,1,Downtown,4335228.0
HOUSE00496,2364.0,2,1.0,14.9,7.74,1,0,Rural,8016616.0
HOUSE00497,2883.0,1,1.0,46.0,3.48,2,0,Waterfront,10446866.0
HOUSE00498,1479.0,2,1.0,19.7,25.11,0,1,Suburban,5134624.0
HOUSE00499,938.0,6,4.0,14.3,3.44,1,1,Uptown,4770909.0
HOUSE00500,1428.0,2,1.0,3.1,6.05,2,0,Suburban,5551725.0
HOUSE00501,1593.0,3,3.0,,9.41,0,1,Rural,6046094.0
HOUSE00502,2253.0,2,1.0,5.9,6.05,2,0,Suburban,8140027.0
HOUSE00503,1857.0,3,1.0,11.9,7.04,3,0,Downtown,7447106.0
HOUSE00504,1249.0,3,2.0,6.1,5.73,3,0,Suburban,5076677.0
HOUSE00505,1731.0,4,2.0,5.7,10.23,1,0,Suburban,6834744.0
HOUSE00506,2120.0,5,3.0,42.8,8.21,1,1,Suburban,7805751.0
HOUSE00507,2811.0,3,2.0,8.7,4.89,2,1,Suburban,10342183.0
HOUSE00508,1574.0,4,2.0,14.0,45.0,2,1,Rural,5471233.0
HOUSE00509,1321.0,2,2.0,33.0,0.3,1,0,Waterfront,6061181.0
HOUSE00510,1175.0,4,2.0,0.8,1.81,3,1,Suburban,5264435.0
HOUSE00511,1747.0,4,2.0,8.9,8.73,3,1,Uptown,7192015.0
HOUSE00512,1045.0,3,2.0,17.8,2.71,3,0,Suburban,4417517.0
HOUSE00513,1323.0,2,1.0,0.6,13.31,1,0,Uptown,5356768.0
HOUSE00514,2215.0,3,1.0,,6.78,2,1,Rural,7892936.0
HOUSE00515,2061.0,5,4.0,9.2,2.51,0,1,Rural,7665159.0
HOUSE00516,1077.0,4,2.0,11.9,1.98,3,1,Suburban,5086239.0
HOUSE00517,1361.0,3,2.0,0.0,10.51,1,0,Suburban,5314383.0
HOUSE00518,2012.0,6,4.0,18.0,4.97,0,1,Suburban,7951145.0
HOUSE00519,2342.0,5,3.0,2.8,0.88,2,0,Suburban,9157641.0
HOUSE00520,2098.0,2,2.0,28.1,0.96,2,1,Rural,7267304.0
HOUSE00521,1823.0,2,1.0,3.6,0.44,3,1,Suburban,7138087.0
HOUSE00522,2710.0,5,,2.0,1.01,2,1,Suburban,10398408.0
HOUSE00523,1002.0,4,4.0,4.3,1.2,1,1,Rural,4282750.0
HOUSE00524,2674.0,5,3.0,15.6,23.81,1,1,Suburban,9799371.0
HOUSE00525,2149.0,3,,3.1,1.37,2,1,Uptown,8508481.0
HOUSE00526,729.0,3,2.0,57.1,1.21,3,1,Downtown,3922828.0
HOUSE00527,1334.0,4,,22.4,3.89,1,1,Suburban,5564968.0
HOUSE00528,2038.0,3,3.0,1.8,0.9,2,1,Uptown,8361564.0
HOUSE00529,2964.0,4,3.0,6.2,1.07,3,1,Suburban,10840035.0
HOUSE00530,1560.0,3,1.0,3.5,0.3,1,0,Downtown,6587906.0
HOUSE00531,2387.0,2,1.0,18.4,8.85,2,0,Suburban,8414865.0
HOUSE00532,2075.0,3,3.0,9.0,9.96,1,1,Waterfront,8582946.0
HOUSE00533,2044.0,3,2.0,39.6,6.82,2,0,Rural,6836856.0
HOUSE00534,1107.0,2,1.0,21.1,1.66,0,1,Rural,3907310.0
HOUSE00535,2416.0,2,1.0,5.0,2.23,1,0,Suburban,8706394.0
HOUSE00536,2110.0,4,3.0,29.7,4.92,1,0,Rural,7687954.0
HOUSE00537,2342.0,3,1.0,17.3,9.33,1,0,Rural,7755899.0
HOUSE00538,1859.0,3,1.0,49.8,14.84,1,0,Suburban,6495369.0
HOUSE00539,1992.0,4,2.0,10.0,17.11,1,1,Suburban,7543724.0
HOUSE00540,1820.0,4,3.0,0.1,1.33,1,1,Suburban,7387075.0
HOUSE00541,1612.0,3,1.0,34.7,1.05,1,1,Downtown,6965251.0
HOUSE00542,1578.0,5,3.0,2.6,18.33,2,0,Uptown,6858616.0
HOUSE00543,2160.0,3,2.0,42.3,0.3,0,0,Rural,7355916.0
HOUSE00544,2006.0,5,3.0,18.5,19.55,2,0,Rural,7539275.0
HOUSE00545,1634.0,4,2.0,3.0,14.95,2,0,Uptown,6956365.0
HOUSE00546,2352.0,6,4.0,0.4,16.2,2,1,Suburban,9148762.0
HOUSE00547,1613.0,4,3.0,10.6,8.17,1,1,Rural,5888688.0
HOUSE00548,1585.0,2,1.0,14.7,5.63,0,1,Suburban,5885177.0
HOUSE00549,1797.0,4,2.0,0.3,10.41,2,1,Downtown,7660914.0
HOUSE00550,2321.0,4,2.0,2.4,0.3,2,1,Suburban,8546287.0
HOUSE00551,2015.0,3,3.0,25.8,2.94,2,1,Rural,6872391.0
HOUSE00552,2817.0,4,2.0,40.7,3.86,1,0,Rural,9593577.0
HOUSE00553,2148.0,3,3.0,7.2,1.73,3,0,Downtown,8700221.0
HOUSE00554,2181.0,2,1.0,4.8,6.33,3,1,Rural,7542742.0
HOUSE00555,1853.0,3,3.0,2.2,7.29,1,0,Uptown,7404820.0
HOUSE00556,450.0,3,2.0,0.4,3.75,2,0,Suburban,2863560.0
HOUSE00557,2607.0,3,3.0,0.8,3.32,2,0,Waterfront,10381387.0
HOUSE00558,1033.0,5,3.0,42.2,14.72,1,0,Uptown,4601028.0
HOUSE00559,1328.0,3,2.0,9.8,7.61,2,0,Downtown,6213515.0
HOUSE00560,1561.0,3,1.0,43.9,3.92,1,0,Uptown,6038548.0
HOUSE00561,715.0,3,2.0,3.6,2.5,1,0,Downtown,4119377.0
HOUSE00562,1278.0,5,3.0,10.7,4.33,1,0,Uptown,6005257.0
HOUSE00563,2722.0,3,3.0,2.1,8.92,2,1,Uptown,10298943.0
HOUSE00564,1860.0,2,1.0,11.8,8.36,2,1,Uptown,7228921.0
HOUSE00565,510.0,3,3.0,7.3,7.16,2,0,Suburban,2876448.0
HOUSE00566,2625.0,4,2.0,12.8,3.41,3,1,Uptown,10081888.0
HOUSE00567,1605.0,4,3.0,13.0,28.3,1,0,Downtown,6724070.0
HOUSE00568,1424.0,3,2.0,8.9,2.72,2,0,Suburban,5780148.0
HOUSE00569,2708.0,2,2.0,37.1,2.49,1,1,Rural,9404519.0
HOUSE00570,2050.0,4,2.0,27.5,1.4,2,1,Rural,7321126.0
HOUSE00571,1801.0,4,3.0,30.5,7.05,2,0,Suburban,6911364.0
HOUSE00572,1734.0,3,2.0,4.0,7.08,2,0,Rural,6079200.0
HOUSE00573,1887.0,3,1.0,54.1,1.97,1,0,Rural,6245595.0
HOUSE00574,3688.0,4,2.0,14.5,0.3,3,1,Suburban,13324525.0
HOUSE00575,1787.0,1,1.0,16.5,5.95,1,0,Rural,5945387.0
HOUSE00576,1992.0,5,3.0,1.6,6.71,1,1,Suburban,8047223.0
HOUSE00577,2812.0,6,3.0,4.4,13.5,1,1,Rural,10036830.0
HOUSE00578,2300.0,2,1.0,12.1,9.93,2,0,Uptown,8480918.0
HOUSE00579,1645.0,5,3.0,21.2,8.92,2,0,Downtown,7125181.0
HOUSE00580,1989.0,3,3.0,15.0,9.25,3,1,Rural,7183535.0
HOUSE00581,1629.0,3,2.0,2.4,10.35,1,1,Uptown,6868997.0
HOUSE00582,714.0,2,2.0,28.2,5.87,3,1,Rural,3012445.0
HOUSE00583,1655.0,3,2.0,16.6,11.23,1,0,Suburban,6150312.0
HOUSE00584,2029.0,6,4.0,1.2,7.6,1,0,Downtown,8899763.0
HOUSE00585,1244.0,2,2.0,21.8,1.28,1,1,Suburban,4998703.0
HOUSE00586,1606.0,4,3.0,,45.0,2,1,Downtown,6607613.0
HOUSE00587,2085.0,4,3.0,3.1,6.72,0,0,Downtown,9000544.0
HOUSE00588,1811.0,5,4.0,13.4,15.47,1,0,Uptown,7303061.0
HOUSE00589,450.0,2,1.0,6.1,16.68,2,0,Suburban,2434807.0
HOUSE00590,1728.0,4,3.0,8.0,6.83,2,1,Waterfront,7732492.0
HOUSE00591,1429.0,3,2.0,5.3,18.92,2,1,Rural,5385279.0
HOUSE00592,1838.0,2,1.0,31.2,2.59,1,1,Rural,6014826.0
HOUSE00593,1570.0,3,2.0,6.7,2.0,2,1,Rural,5691569.0
HOUSE00594,1324.0,6,4.0,3.9,1.22,1,1,Rural,5434864.0
HOUSE00595,2921.0,3,2.0,1.3,4.03,2,0,Rural,9956923.0
HOUSE00596,995.0,3,3.0,40.6,4.13,1,0,Downtown,4922196.0
HOUSE00597,2241.0,4,3.0,0.9,1.53,2,1,Suburban,8839940.0
HOUSE00598,1369.0,4,3.0,43.6,9.88,2,1,Suburban,5490953.0
HOUSE00599,2549.0,5,,1.5,1.1,3,0,Suburban,9797700.0
HOUSE00600,1505.0,6,5.0,4.9,4.64,2,0,Suburban,6663528.0
HOUSE00601,1273.0,2,2.0,3.5,4.6,1,0,Waterfront,6103852.0
HOUSE00602,2106.0,3,2.0,47.7,3.17,1,1,Waterfront,8475085.0
HOUSE00603,2544.0,3,1.0,22.1,0.97,2,1,Waterfront,10195829.0
HOUSE00604,1923.0,1,1.0,42.7,4.37,2,0,Waterfront,7841491.0
HOUSE00605,2545.0,4,2.0,1.7,14.32,1,1,Waterfront,10277335.0
HOUSE00606,2224.0,3,2.0,29.8,1.19,2,1,Waterfront,9176880.0
HOUSE00607,1939.0,2,1.0,13.2,0.3,1,1,Uptown,7289227.0
HOUSE00608,568.0,3,2.0,10.2,5.71,1,0,Rural,2437447.0
HOUSE00609,2263.0,5,3.0,2.8,2.25,2,1,Rural,7928879.0
HOUSE00610,2324.0,4,3.0,34.1,10.94,1,0,Uptown,8707527.0
HOUSE00611,654.0,3,2.0,0.9,15.64,1,0,Downtown,3812375.0
HOUSE00612,2064.0,3,2.0,25.7,9.91,0,1,Rural,6946126.0
HOUSE00613,2730.0,2,1.0,4.3,3.71,0,0,Waterfront,10178190.0
HOUSE00614,1906.0,4,2.0,20.5,4.23,2,1,Suburban,7186886.0
HOUSE00615,549.0,2,2.0,8.9,8.85,1,1,Suburban,2424651.0
HOUSE00616,923.0,4,2.0,21.4,0.79,0,1,Suburban,4294167.0
HOUSE00617,1286.0,5,2.0,4.0,6.28,3,0,Downtown,6374464.0
HOUSE00618,450.0,4,3.0,42.9,6.2,1,1,Suburban,2677918.0
HOUSE00619,1207.0,3,3.0,0.7,7.0,1,1,Uptown,5223352.0
HOUSE00620,2194.0,5,3.0,12.8,1.7,0,0,Downtown,9115987.0
HOUSE00621,639.0,4,3.0,5.8,15.92,1,1,Downtown,4478593.0
HOUSE00622,1289.0,4,3.0,23.8,0.3,2,1,Downtown,6119773.0
HOUSE00623,2211.0,5,3.0,7.4,3.71,1,0,Downtown,9418901.0
HOUSE00624,2160.0,2,1.0,8.1,12.65,2,1,Suburban,7474037.0
HOUSE00625,1589.0,2,2.0,2.9,1.91,0,1,Suburban,6211006.0
HOUSE00626,1503.0,2,1.0,3.7,13.77,1,0,Waterfront,6364831.0
HOUSE00627,995.0,2,1.0,9.8,2.01,1,0,Downtown,5164291.0
HOUSE00628,1867.0,3,3.0,26.6,1.02,1,1,Rural,6729927.0
HOUSE00629,513.0,4,4.0,5.1,5.61,3,0,Suburban,3273193.0
HOUSE00630,1231.0,4,2.0,2.4,0.51,2,1,Suburban,5433342.0
HOUSE00631,699.0,5,3.0,1.3,1.86,2,1,Suburban,3873715.0
HOUSE00632,1499.0,5,3.0,5.1,11.97,2,0,Uptown,6524129.0
HOUSE00633,2983.0,4,1.0,8.4,10.15,3,0,Suburban,10754141.0
HOUSE00634,2068.0,2,1.0,0.8,6.34,0,1,Suburban,7230473.0
HOUSE00635,1407.0,3,2.0,0.3,0.46,2,0,Suburban,5686120.0
HOUSE00636,2190.0,3,1.0,5.1,1.71,2,1,Waterfront,9149629.0
HOUSE00637,1359.0,4,3.0,4.3,2.97,2,1,Rural,5226923.0
HOUSE00638,1859.0,4,2.0,13.5,6.72,2,1,Rural,6830013.0
HOUSE00639,1349.0,3,1.0,1.5,1.0,2,0,Uptown,5844900.0
HOUSE00640,2058.0,3,1.0,5.6,32.35,3,1,Suburban,7564616.0
HOUSE00641,1590.0,2,1.0,5.9,6.15,3,0,Rural,5691665.0
HOUSE00642,2045.0,3,2.0,17.5,3.75,2,0,Uptown,7921426.0
HOUSE00643,1339.0,6,4.0,22.1,4.4,3,0,Downtown,6587132.0
HOUSE00644,2437.0,5,3.0,5.8,0.33,1,1,Suburban,9436827.0
HOUSE00645,895.0,4,3.0,10.1,40.43,2,0,Suburban,3959303.0
HOUSE00646,1865.0,4,2.0,0.9,21.39,0,0,Rural,6479118.0
HOUSE00647,1525.0,3,3.0,11.3,2.39,2,0,Suburban,5992449.0
HOUSE00648,1241.0,4,3.0,31.1,18.03,0,1,Uptown,5336699.0
HOUSE00649,850.0,3,3.0,0.3,17.75,1,0,Rural,3630106.0
HOUSE00650,1494.0,2,1.0,4.0,1.68,2,1,Suburban,5721630.0
HOUSE00651,450.0,3,2.0,19.1,4.27,1,0,Suburban,2250893.0
HOUSE00652,611.0,3,2.0,,19.99,2,0,Suburban,2812577.0
HOUSE00653,1753.0,6,4.0,36.2,8.79,1,1,Waterfront,7935315.0
HOUSE00654,867.0,3,2.0,3.2,5.22,1,0,Downtown,4725741.0
HOUSE00655,2780.0,1,1.0,7.5,2.81,1,1,Downtown,10395597.0
HOUSE00656,2264.0,3,2.0,35.7,5.36,2,1,Uptown,8843270.0
HOUSE00657,1808.0,4,2.0,67.6,5.96,2,0,Waterfront,7303825.0
HOUSE00658,1505.0,5,2.0,2.4,,2,0,Downtown,7140572.0
HOUSE00659,1827.0,2,3.0,31.2,13.34,1,0,Waterfront,7630955.0
HOUSE00660,2004.0,2,2.0,26.0,10.84,2,1,Downtown,7815995.0
HOUSE00661,1513.0,4,3.0,15.9,2.37,2,0,Suburban,6413827.0
HOUSE00662,1486.0,3,3.0,9.8,14.88,2,0,Downtown,6401128.0
HOUSE00663,2263.0,2,1.0,4.3,4.76,2,1,Downtown,8918801.0
HOUSE00664,2166.0,5,2.0,8.1,3.71,2,1,Uptown,8690486.0
HOUSE00665,1418.0,4,2.0,39.4,5.72,1,0,Waterfront,6706659.0
HOUSE00666,2708.0,3,2.0,38.6,8.48,0,0,Uptown,9916202.0
HOUSE00667,836.0,3,3.0,17.5,2.92,2,0,Uptown,4166782.0
HOUSE00668,450.0,2,2.0,6.4,2.15,3,1,Suburban,2610143.0
HOUSE00669,1961.0,5,2.0,2.7,16.6,2,0,Suburban,7482209.0
HOUSE00670,1216.0,3,2.0,26.6,37.25,0,1,Uptown,5082552.0
HOUSE00671,1543.0,3,3.0,17.1,3.04,2,1,Rural,5792025.0
HOUSE00672,1491.0,1,1.0,80.0,21.47,1,1,Uptown,5014368.0
HOUSE00673,894.0,3,2.0,9.8,0.62,1,1,Uptown,4379029.0
HOUSE00674,465.0,3,2.0,5.1,3.04,2,1,Rural,2418817.0
HOUSE00675,1882.0,1,1.0,0.0,3.52,1,0,Rural,6463303.0
HOUSE00676,1610.0,5,3.0,1.6,0.4,2,1,Rural,6481563.0
HOUSE00677,1408.0,4,1.0,1.6,2.58,3,1,Suburban,6032245.0
HOUSE00678,2442.0,4,2.0,2.5,4.61,2,0,Suburban,9170869.0
HOUSE00679,2526.0,4,2.0,8.3,22.14,0,0,Suburban,8789178.0
HOUSE00680,2359.0,4,3.0,32.3,2.14,3,1,Downtown,9541122.0
HOUSE00681,1941.0,5,3.0,3.0,6.37,1,0,Rural,7103927.0
HOUSE00682,1708.0,3,3.0,0.7,9.73,1,0,Rural,6264486.0
HOUSE00683,1118.0,3,2.0,16.4,6.79,3,0,Waterfront,5604769.0
HOUSE00684,714.0,2,2.0,28.2,5.87,3,1,Rural,3012445.0
HOUSE00685,1688.0,4,2.0,76.7,1.78,1,1,Suburban,6434212.0
HOUSE00686,2616.0,6,2.0,8.6,11.21,1,1,Suburban,9806898.0
HOUSE00687,2472.0,2,1.0,18.3,7.91,1,1,Suburban,8587918.0
HOUSE00688,705.0,3,2.0,18.9,33.58,2,1,Uptown,3485021.0
HOUSE00689,1806.0,4,3.0,15.3,1.21,3,1,Downtown,7966585.0
HOUSE00690,2125.0,3,2.0,20.4,1.59,0,1,Suburban,7861221.0
HOUSE00691,907.0,2,1.0,7.5,5.56,1,0,Downtown,4658931.0
HOUSE00692,1699.0,4,3.0,5.8,11.57,1,0,Downtown,7538172.0
HOUSE00693,1789.0,4,1.0,1.7,0.3,1,0,Waterfront,7765135.0
HOUSE00694,1096.0,4,3.0,5.7,0.3,2,0,Rural,4173512.0
HOUSE00695,1930.0,3,2.0,15.2,6.08,1,0,Rural,6655523.0
HOUSE00696,1709.0,4,,4.4,25.45,0,1,Rural,6129902.0
HOUSE00697,1877.0,6,4.0,5.6,15.34,3,1,Suburban,7549441.0
HOUSE00698,2009.0,4,2.0,0.4,27.46,1,1,Downtown,8049417.0
HOUSE00699,3312.0,4,3.0,0.3,3.69,2,1,Downtown,13104569.0
HOUSE00700,2216.0,1,1.0,5.3,8.56,2,1,Rural,7834972.0
HOUSE00701,3275.0,2,2.0,21.1,12.22,1,1,Waterfront,12263354.0
HOUSE00702,2647.0,3,2.0,1.1,4.28,1,1,Downtown,10497544.0
HOUSE00703,3125.0,1,1.0,27.7,17.59,2,1,Waterfront,11497590.0
HOUSE00704,965.0,3,2.0,1.1,8.52,1,1,Rural,4156433.0
HOUSE00705,1172.0,3,2.0,13.8,14.27,1,1,Waterfront,5619481.0
HOUSE00706,1752.0,3,2.0,2.8,6.63,3,0,Rural,6388702.0
HOUSE00707,1206.0,2,2.0,6.3,0.55,2,1,Waterfront,5918697.0
HOUSE00708,2189.0,3,1.0,1.1,,2,0,Downtown,8787200.0
HOUSE00709,2117.0,5,4.0,4.7,5.58,1,1,Suburban,8258931.0
HOUSE00710,805.0,4,2.0,2.2,5.45,1,0,Downtown,4622389.0
HOUSE00711,1995.0,4,2.0,15.7,3.9,2,0,Waterfront,8882081.0
HOUSE00712,2478.0,6,3.0,2.3,6.48,3,1,Downtown,10464398.0
HOUSE00713,881.0,4,3.0,28.9,23.66,1,0,Waterfront,4509708.0
HOUSE00714,2877.0,5,3.0,0.3,4.12,2,1,Suburban,10875892.0
HOUSE00715,1158.0,4,3.0,6.2,5.6,0,1,Rural,4446197.0
HOUSE00716,1134.0,4,2.0,3.3,14.44,1,1,Suburban,4737789.0
HOUSE00717,3580.0,3,2.0,28.3,9.49,2,0,Uptown,12602047.0
HOUSE00718,1350.0,6,3.0,1.5,6.31,2,1,Rural,5798422.0
HOUSE00719,21540.0,4,3.0,2.6,33.14,2,0,Suburban,8084017.0
HOUSE00720,2353.0,3,1.0,27.8,0.74,1,0,Downtown,9289284.0
HOUSE00721,2665.0,6,4.0,1.0,3.51,1,1,Waterfront,11531354.0
HOUSE00722,2322.0,3,3.0,18.0,5.41,1,1,Suburban,8706711.0
HOUSE00723,450.0,4,3.0,8.9,2.34,3,0,Rural,2572086.0
HOUSE00724,1469.0,2,1.0,55.3,4.0,3,1,Waterfront,6341681.0
HOUSE00725,1937.0,5,3.0,5.4,10.4,1,0,Downtown,8527324.0
HOUSE00726,2088.0,3,1.0,0.5,18.85,2,1,Downtown,8566258.0
HOUSE00727,1610.0,2,1.0,10.9,22.26,1,1,Downtown,6557231.0
HOUSE00728,1257.0,5,3.0,14.0,0.52,2,0,Uptown,5915326.0
HOUSE00729,2212.0,4,3.0,65.7,32.73,1,0,Suburban,7644013.0
HOUSE00730,1252.0,2,1.0,8.6,5.19,3,1,Rural,5020483.0
HOUSE00731,2063.0,4,3.0,0.3,12.22,2,0,Rural,7429341.0
HOUSE00732,2525.0,3,3.0,29.2,9.28,0,1,Downtown,9700800.0
HOUSE00733,1434.0,3,2.0,2.4,19.31,2,1,Rural,5102147.0
HOUSE00734,1842.0,3,2.0,6.0,11.99,3,0,Waterfront,7767224.0
HOUSE00735,838.0,3,2.0,13.3,1.66,2,1,Suburban,3845169.0
HOUSE00736,698.0,4,4.0,35.8,4.47,3,0,Suburban,3328805.0
HOUSE00737,1983.0,4,2.0,14.1,11.67,1,0,Rural,6746505.0
HOUSE00738,1443.0,4,3.0,3.6,12.28,1,1,Rural,5356127.0
HOUSE00739,1644.0,3,1.0,3.3,18.37,2,0,Suburban,6089563.0
HOUSE00740,1789.0,3,2.0,37.6,3.12,1,0,Suburban,6364588.0
HOUSE00741,1628.0,3,1.0,5.0,0.3,1,1,Waterfront,7074158.0
HOUSE00742,1704.0,2,,0.8,9.68,1,1,Suburban,6674294.0
HOUSE00743,1729.0,2,1.0,17.6,22.79,0,1,Rural,5880068.0
HOUSE00744,1605.0,3,2.0,9.4,15.84,2,0,Rural,5982370.0
HOUSE00745,2298.0,4,3.0,20.6,3.44,1,0,Uptown,8643065.0
HOUSE00746,1662.0,2,1.0,21.5,13.92,2,0,Suburban,6002528.0
HOUSE00747,450.0,6,4.0,21.7,2.84,2,1,Downtown,3886372.0
HOUSE00748,1552.0,4,3.0,16.5,3.39,0,1,Downtown,6961939.0
HOUSE00749,2208.0,2,2.0,10.6,10.72,0,1,Suburban,8030282.0
HOUSE00750,1912.0,2,2.0,1.9,2.26,0,1,Waterfront,8151088.0
HOUSE00751,2136.0,3,3.0,4.1,9.1,0,0,Downtown,8802673.0
HOUSE00752,1158.0,3,3.0,3.9,1.93,2,0,Downtown,5862431.0
HOUSE00753,2024.0,4,2.0,2.1,7.77,2,1,Rural,7402086.0
HOUSE00754,1667.0,1,2.0,53.5,2.7,2,0,Rural,5337330.0
HOUSE00755,1757.0,3,2.0,8.4,7.11,1,0,Waterfront,7221022.0
HOUSE00756,1445.0,4,3.0,13.2,7.5,0,1,Suburban,5681744.0
HOUSE00757,1541.0,2,1.0,4.9,13.88,2,0,Uptown,6166180.0
HOUSE00758,2413.0,3,3.0,32.3,7.41,2,0,Suburban,8594146.0
HOUSE00759,1674.0,5,1.0,2.4,6.91,1,1,Suburban,6895073.0
HOUSE00760,2137.0,6,4.0,9.2,1.51,1,0,Rural,8080001.0
HOUSE00761,1426.0,4,1.0,2.5,0.41,3,0,Waterfront,6937219.0
HOUSE00762,1443.0,3,2.0,22.1,12.19,2,0,Uptown,6139273.0
HOUSE00763,2718.0,4,3.0,5.6,7.65,1,1,Rural,9777943.0
HOUSE00764,1629.0,3,3.0,23.0,10.85,1,1,Suburban,6116329.0
HOUSE00765,1694.0,3,2.0,0.2,1.9,2,0,Uptown,7306532.0
HOUSE00766,878.0,3,2.0,13.3,1.66,2,0,Rural,3427819.0
HOUSE00767,1816.0,6,5.0,32.7,4.03,1,1,Suburban,7566313.0
HOUSE00768,2467.0,2,3.0,13.1,3.78,1,0,Downtown,9392826.0
HOUSE00769,1606.0,4,2.0,14.1,15.97,2,0,Waterfront,6997108.0
HOUSE00770,1529.0,4,3.0,28.6,2.56,1,0,Suburban,5898777.0
HOUSE00771,2968.0,3,1.0,5.4,2.82,1,1,Rural,10195028.0
HOUSE00772,2313.0,3,1.0,12.4,9.23,2,0,Waterfront,9456956.0
HOUSE00773,1938.0,5,3.0,14.1,3.81,2,0,Suburban,7670383.0
HOUSE00774,1312.0,2,1.0,14.9,0.63,3,1,Suburban,5359360.0
HOUSE00775,1107.0,3,2.0,19.1,3.69,1,0,Waterfront,5491218.0
HOUSE00776,961.0,3,1.0,31.3,35.54,0,0,Downtown,4497751.0
HOUSE00777,1433.0,1,1.0,6.3,1.97,2,0,Downtown,6214554.0
HOUSE00778,450.0,3,2.0,18.2,11.65,1,1,Suburban,2348532.0
HOUSE00779,1633.0,4,3.0,0.9,18.13,2,1,Suburban,6451355.0
HOUSE00780,2034.0,2,1.0,5.8,5.06,1,1,Downtown,7966453.0
HOUSE00781,1116.0,1,1.0,16.1,6.86,2,1,Suburban,4177239.0
HOUSE00782,1932.0,4,2.0,2.2,2.97,1,0,Downtown,8179750.0
HOUSE00783,1075.0,4,3.0,5.2,3.5,2,1,Uptown,5278377.0
HOUSE00784,2952.0,2,1.0,29.6,0.68,2,0,Downtown,11019263.0
HOUSE00785,1594.0,2,1.0,20.4,22.61,2,0,Rural,5384982.0
HOUSE00786,3219.0,4,2.0,30.4,1.84,0,1,Downtown,11898629.0
HOUSE00787,2380.0,3,3.0,31.7,0.35,2,1,Downtown,9710011.0
HOUSE00788,2758.0,4,3.0,17.0,4.56,1,0,Uptown,10488126.0
HOUSE00789,1680.0,3,,28.8,3.97,2,0,Suburban,6117173.0
HOUSE00790,937.0,3,2.0,1.2,5.88,3,1,Suburban,4549282.0
HOUSE00791,1503.0,3,2.0,7.2,8.87,1,0,Rural,5591774.0
HOUSE00792,1334.0,2,1.0,6.2,16.78,2,1,Rural,4998316.0
HOUSE00793,1275.0,3,3.0,1.9,9.93,2,0,Rural,4882625.0
HOUSE00794,1567.0,5,3.0,13.1,9.93,1,0,Rural,5651829.0
HOUSE00795,3274.0,4,4.0,26.6,6.84,0,0,Downtown,12516607.0
HOUSE00796,2321.0,4,3.0,1.2,9.44,2,1,Uptown,8940762.0
HOUSE00797,2717.0,3,2.0,13.1,10.28,1,1,Suburban,9715907.0
HOUSE00798,1272.0,3,2.0,7.7,9.34,1,0,Suburban,5294580.0
HOUSE00799,1393.0,3,2.0,28.7,3.08,1,1,Rural,5012232.0
HOUSE00800,3851.0,4,2.0,24.6,25.44,2,0,Uptown,13665690.0
HOUSE00801,2448.0,3,3.0,13.8,3.59,3,1,Rural,8835353.0
HOUSE00802,1630.0,2,1.0,27.2,8.33,1,1,Rural,5484650.0
HOUSE00803,3858.0,5,4.0,10.7,6.99,2,1,Waterfront,14967478.0
HOUSE00804,1447.0,2,2.0,41.1,2.4,3,1,Downtown,6173008.0
HOUSE00805,2188.0,2,1.0,10.8,11.97,1,1,Suburban,7814060.0
HOUSE00806,1839.0,2,1.0,7.9,13.84,1,1,Suburban,6565832.0
HOUSE00807,1877.0,4,4.0,64.4,1.07,3,0,Rural,6811016.0
HOUSE00808,2023.0,4,3.0,3.7,12.34,1,1,Downtown,8673186.0
HOUSE00809,1269.0,3,2.0,34.4,1.02,1,1,Waterfront,6098195.0
HOUSE00810,778.0,2,1.0,1.1,3.3,0,1,Suburban,3394522.0
HOUSE00811,2597.0,3,3.0,38.7,6.61,2,1,Downtown,10162481.0
HOUSE00812,3312.0,4,3.0,0.3,3.69,2,1,Downtown,13104569.0
HOUSE00813,1980.0,6,3.0,5.0,11.31,3,1,Rural,7667172.0
HOUSE00814,2496.0,4,2.0,41.8,2.31,1,1,Waterfront,10133584.0
HOUSE00815,1745.0,3,2.0,19.6,29.86,3,0,Downtown,6968938.0
HOUSE00816,2460.0,1,1.0,4.9,2.97,1,0,Waterfront,9590990.0
HOUSE00817,1581.0,3,2.0,27.3,8.87,0,1,Suburban,5938958.0
HOUSE00818,2281.0,5,4.0,5.4,5.25,2,0,Rural,8620152.0
HOUSE00819,1475.0,4,2.0,0.3,10.36,2,0,Suburban,6100711.0
HOUSE00820,2721.0,4,2.0,20.8,19.4,0,0,Suburban,9443525.0
HOUSE00821,1059.0,2,2.0,4.5,8.09,3,0,Downtown,5246192.0
HOUSE00822,993.0,6,4.0,16.9,6.23,3,1,Waterfront,5842984.0
HOUSE00823,1544.0,5,3.0,8.7,4.82,2,1,Uptown,6710046.0
HOUSE00824,3095.0,3,2.0,55.7,3.26,3,0,Uptown,11124166.0
HOUSE00825,3063.0,3,3.0,4.8,5.43,2,1,Suburban,10845542.0
HOUSE00826,2108.0,5,3.0,4.6,0.3,0,1,Downtown,8849664.0
HOUSE00827,2389.0,1,1.0,1.1,5.28,2,1,Suburban,8551301.0
HOUSE00828,1549.0,4,3.0,3.5,2.08,1,0,Rural,5939255.0
HOUSE00829,677.0,4,3.0,8.9,0.3,2,1,Waterfront,4487218.0
HOUSE00830,1577.0,4,3.0,63.2,3.26,3,1,Downtown,6842701.0
HOUSE00831,2090.0,5,3.0,0.7,14.62,2,0,Rural,7615422.0
HOUSE00832,2221.0,3,2.0,6.5,14.01,1,1,Rural,7795169.0
HOUSE00833,2437.0,3,2.0,14.1,2.82,1,0,Rural,8344419.0
HOUSE00834,450.0,4,2.0,28.4,5.31,2,1,Uptown,2917290.0
HOUSE00835,1781.0,3,2.0,4.2,8.69,2,0,Rural,6426331.0
HOUSE00836,3034.0,4,3.0,33.8,1.85,1,0,Suburban,10562059.0
HOUSE00837,1073.0,6,5.0,11.3,,2,0,Rural,4748720.0
HOUSE00838,995.0,3,3.0,5.8,,0,1,Suburban,4246524.0
HOUSE00839,1539.0,3,1.0,6.6,7.23,0,1,Uptown,6186170.0
HOUSE00840,2264.0,2,1.0,14.9,16.7,1,0,Suburban,8083558.0
HOUSE00841,24590.0,2,1.0,3.7,28.96,2,1,Suburban,8518429.0
HOUSE00842,1499.0,4,3.0,6.9,0.3,1,0,Downtown,6818442.0
HOUSE00843,779.0,3,2.0,60.3,4.25,2,1,Suburban,3211744.0
HOUSE00844,962.0,3,2.0,28.3,3.64,2,0,Rural,3682934.0
HOUSE00845,1288.0,5,2.0,16.7,36.37,3,1,Uptown,5303275.0
HOUSE00846,1990.0,3,2.0,13.7,4.52,2,1,Rural,7233040.0
HOUSE00847,1850.0,2,2.0,,4.67,1,0,Uptown,7411670.0
HOUSE00848,2196.0,4,3.0,22.1,16.61,2,1,Uptown,8460660.0
HOUSE00849,2645.0,3,2.0,1.6,15.57,1,0,Rural,8938454.0
HOUSE00850,2093.0,4,3.0,0.5,15.89,2,1,Rural,7700534.0
HOUSE00851,1356.0,5,2.0,4.1,3.6,2,1,Rural,4987771.0
HOUSE00852,2328.0,5,3.0,24.0,2.99,2,1,Rural,8549191.0
HOUSE00853,1168.0,4,1.0,10.6,2.79,1,0,Uptown,5229680.0
HOUSE00854,1757.0,4,3.0,11.8,2.57,1,0,Suburban,6994689.0
HOUSE00855,1538.0,4,2.0,7.3,7.07,3,0,Suburban,6245190.0
HOUSE00856,1271.0,2,1.0,37.8,3.23,0,1,Downtown,5647416.0
HOUSE00857,1323.0,2,1.0,16.8,3.33,1,0,Rural,4749205.0
HOUSE00858,2206.0,2,1.0,3.2,0.94,1,1,Rural,7466162.0
HOUSE00859,1541.0,3,3.0,6.2,9.61,0,0,Uptown,6031135.0
HOUSE00860,2030.0,3,2.0,64.4,2.21,1,0,Downtown,7860545.0
HOUSE00861,1615.0,4,2.0,14.2,19.12,2,1,Uptown,6732185.0
HOUSE00862,1814.0,2,2.0,42.2,1.24,1,0,Rural,6135306.0
HOUSE00863,2333.0,3,2.0,16.6,12.39,1,0,Downtown,9097700.0
HOUSE00864,2083.0,6,3.0,79.8,1.41,3,1,Rural,7605455.0
HOUSE00865,2315.0,2,1.0,7.7,0.3,2,1,Uptown,9034629.0
HOUSE00866,1955.0,4,3.0,5.8,0.3,2,1,Rural,7366680.0
HOUSE00867,500.0,6,4.0,5.4,6.86,3,1,Suburban,3479280.0
HOUSE00868,2839.0,3,3.0,33.9,12.92,3,0,Waterfront,10893891.0
HOUSE00869,2158.0,3,2.0,1.2,,3,0,Downtown,8377109.0
HOUSE00870,1753.0,3,2.0,18.8,2.56,2,1,Uptown,7049302.0
HOUSE00871,1889.0,3,2.0,13.3,17.19,1,1,Uptown,7412405.0
HOUSE00872,1010.0,3,1.0,30.3,8.16,2,1,Suburban,3911497.0
HOUSE00873,1429.0,3,2.0,5.3,18.92,2,1,Rural,5385279.0
HOUSE00874,1974.0,4,2.0,10.4,10.13,0,0,Waterfront,8296585.0
HOUSE00875,2283.0,4,2.0,5.1,6.99,3,1,Uptown,8832658.0
HOUSE00876,2173.0,4,2.0,6.6,17.02,2,1,Suburban,7807202.0
HOUSE00877,1023.0,3,2.0,6.4,1.1,0,0,Suburban,4279465.0
HOUSE00878,576.0,3,1.0,2.0,3.56,2,0,Rural,2393061.0
HOUSE00879,2772.0,4,2.0,17.3,13.69,1,1,Downtown,10999400.0
HOUSE00880,1603.0,6,4.0,3.4,22.34,2,0,Uptown,6691356.0
HOUSE00881,2964.0,2,2.0,2.1,,2,1,Suburban,10453381.0
HOUSE00882,2515.0,3,3.0,1.3,14.08,2,0,Downtown,10112554.0
HOUSE00883,1552.0,3,2.0,7.3,10.64,3,1,Waterfront,7160820.0
HOUSE00884,2046.0,5,2.0,,15.37,2,0,Rural,7162229.0
HOUSE00885,1267.0,3,2.0,29.7,8.1,1,0,Rural,4387276.0
HOUSE00886,2380.0,3,4.0,46.0,5.0,1,0,Uptown,8676879.0
HOUSE00887,634.0,4,3.0,26.1,1.02,0,0,Rural,2746963.0
HOUSE00888,1332.0,5,2.0,8.8,30.32,1,0,Rural,4881288.0
HOUSE00889,1740.0,4,3.0,27.6,10.06,0,0,Waterfront,7475661.0
HOUSE00890,2912.0,4,2.0,8.3,9.42,3,1,Rural,10347389.0
HOUSE00891,1958.0,3,2.0,1.4,15.82,1,1,Rural,6953050.0
HOUSE00892,1734.0,5,3.0,10.6,19.01,2,0,Suburban,6803225.0
HOUSE00893,568.0,4,4.0,6.0,0.64,3,1,Rural,3266843.0
HOUSE00894,2449.0,2,1.0,13.1,8.88,2,0,Suburban,8844634.0
HOUSE00895,2905.0,4,2.0,23.5,5.98,0,0,Rural,10038998.0
HOUSE00896,2121.0,4,2.0,23.9,6.21,2,0,Uptown,8121978.0
HOUSE00897,1354.0,3,2.0,6.0,1.27,3,0,Downtown,6252438.0
HOUSE00898,1577.0,4,3.0,2.2,1.09,2,1,Rural,6202688.0
HOUSE00899,2452.0,5,2.0,4.6,18.05,0,1,Downtown,9657112.0
HOUSE00900,2359.0,5,3.0,6.3,9.47,3,0,Downtown,9901042.0
HOUSE00901,1372.0,4,3.0,3.4,1.77,2,1,Suburban,5634210.0
HOUSE00902,2643.0,2,1.0,29.6,0.3,1,1,Rural,8924926.0
HOUSE00903,2302.0,5,3.0,32.1,13.41,1,1,Waterfront,9334543.0
HOUSE00904,801.0,3,2.0,11.2,1.99,0,0,Downtown,4415116.0
HOUSE00905,2438.0,2,1.0,2.4,8.31,0,1,Suburban,8624041.0
HOUSE00906,1019.0,2,1.0,16.6,23.0,1,1,Rural,3481920.0
HOUSE00907,2140.0,3,2.0,26.5,2.85,2,0,Suburban,8040380.0
HOUSE00908,1306.0,3,1.0,15.3,11.55,3,0,Rural,4873210.0
HOUSE00909,808.0,4,3.0,2.9,0.67,1,0,Waterfront,4494292.0
HOUSE00910,2019.0,6,4.0,23.2,7.76,2,1,Rural,7568953.0
HOUSE00911,1617.0,4,3.0,5.3,13.17,2,1,Rural,6268585.0
HOUSE00912,2107.0,4,1.0,5.8,0.8,2,0,Rural,7589468.0
HOUSE00913,839.0,3,1.0,19.1,13.27,0,0,Uptown,3910835.0
HOUSE00914,855.0,4,3.0,2.2,9.11,0,1,Waterfront,4986840.0
HOUSE00915,3016.0,4,3.0,3.9,1.6,3,0,Rural,10665626.0
HOUSE00916,2171.0,3,2.0,23.6,2.59,1,1,Waterfront,8907851.0
HOUSE00917,1974.0,6,4.0,3.5,11.84,1,1,Suburban,7875116.0
HOUSE00918,1579.0,3,4.0,5.0,5.31,3,1,Waterfront,7572392.0
HOUSE00919,2627.0,2,1.0,49.3,25.05,2,0,Rural,8167370.0
HOUSE00920,2311.0,3,2.0,7.3,2.49,0,0,Rural,8014264.0
HOUSE00921,1680.0,4,3.0,10.3,2.27,1,1,Downtown,7763996.0
HOUSE00922,1559.0,4,1.0,,1.95,1,0,Suburban,5650421.0
HOUSE00923,1807.0,3,2.0,,19.14,2,1,Rural,6416735.0
HOUSE00924,2938.0,2,2.0,7.4,0.3,3,0,Rural,10156467.0
HOUSE00925,1501.0,2,2.0,26.5,6.83,3,0,Suburban,5644020.0
HOUSE00926,2180.0,4,3.0,77.1,9.06,2,1,Uptown,8346218.0
HOUSE00927,1756.0,2,1.0,10.8,3.27,2,0,Rural,6253418.0
HOUSE00928,2455.0,2,1.0,2.3,2.52,2,0,Uptown,9087268.0
HOUSE00929,2563.0,3,2.0,1.2,1.08,3,0,Suburban,9530906.0
HOUSE00930,1071.0,3,1.0,3.2,10.54,1,1,Suburban,4490446.0
HOUSE00931,1675.0,3,3.0,12.2,2.45,3,0,Suburban,6551993.0
HOUSE00932,2927.0,4,2.0,10.9,10.0,1,0,Suburban,10126385.0
HOUSE00933,1047.0,6,4.0,20.9,11.8,2,1,Downtown,5691885.0
HOUSE00934,2245.0,3,1.0,17.3,1.09,1,1,Suburban,8460424.0
HOUSE00935,2417.0,4,2.0,2.5,4.41,0,1,Uptown,9374042.0
HOUSE00936,2461.0,4,3.0,33.8,6.21,1,0,Downtown,9725346.0
HOUSE00937,2670.0,3,2.0,29.4,1.49,3,0,Waterfront,10637172.0
HOUSE00938,2486.0,3,2.0,11.4,8.33,1,0,Uptown,9218992.0
HOUSE00939,1483.0,1,1.0,9.0,3.71,1,0,Rural,5240471.0
HOUSE00940,2060.0,6,4.0,18.7,1.44,1,0,Rural,7478657.0
HOUSE00941,2944.0,3,2.0,2.8,2.3,2,1,Suburban,10723053.0
HOUSE00942,2786.0,6,3.0,1.5,1.18,2,1,Downtown,11481868.0
HOUSE00943,2281.0,5,3.0,1.1,6.07,3,0,Uptown,9354009.0
HOUSE00944,1136.0,2,1.0,12.0,10.53,2,1,Rural,4084387.0
HOUSE00945,1124.0,4,3.0,4.8,4.08,1,1,Rural,4673471.0
HOUSE00946,1687.0,5,3.0,17.6,0.3,2,0,Waterfront,7950961.0
HOUSE00947,2766.0,4,3.0,4.7,6.52,3,1,Rural,10159240.0
HOUSE00948,1330.0,4,4.0,5.4,5.77,1,1,Suburban,5648433.0
HOUSE00949,2408.0,2,1.0,2.7,12.87,0,0,Rural,7873883.0
HOUSE00950,1343.0,3,2.0,10.6,13.17,2,0,Rural,4987294.0
HOUSE00951,1174.0,4,3.0,53.6,6.86,3,0,Rural,4374372.0
HOUSE00952,1851.0,3,2.0,17.2,11.29,3,1,Uptown,7642206.0
HOUSE00953,2560.0,4,3.0,2.8,0.3,0,0,Uptown,9458882.0
HOUSE00954,2439.0,4,3.0,43.0,9.88,1,1,Rural,8192049.0
HOUSE00955,2342.0,3,3.0,75.8,5.88,2,0,Rural,7640300.0
HOUSE00956,1273.0,3,,7.8,16.9,2,1,Rural,4671737.0
HOUSE00957,2016.0,4,2.0,11.1,6.32,3,0,Uptown,8352601.0
HOUSE00958,2214.0,3,2.0,12.0,0.3,2,0,Rural,7949680.0
HOUSE00959,1299.0,3,2.0,0.9,0.36,1,0,Uptown,5706609.0
HOUSE00960,2426.0,2,1.0,0.8,1.65,0,1,Downtown,9442956.0
HOUSE00961,1415.0,2,1.0,17.1,11.33,3,1,Rural,5123085.0
HOUSE00962,2769.0,4,3.0,5.2,10.87,2,1,Uptown,10653828.0
HOUSE00963,2150.0,1,1.0,2.7,5.09,2,1,Suburban,7578363.0
HOUSE00964,2191.0,4,2.0,12.9,0.54,2,1,Uptown,8592891.0
HOUSE00965,2337.0,2,2.0,8.6,8.05,1,0,Suburban,8447024.0
HOUSE00966,680.0,3,3.0,1.8,13.98,2,1,Downtown,4364229.0
HOUSE00967,2346.0,4,1.0,1.5,13.1,2,1,Rural,8338003.0
HOUSE00968,1569.0,4,2.0,53.2,3.58,2,0,Suburban,5768995.0
HOUSE00969,2175.0,5,3.0,5.8,2.71,2,1,Suburban,8397739.0
HOUSE00970,2402.0,4,2.0,4.8,5.29,1,1,Suburban,9202685.0
HOUSE00971,2079.0,5,4.0,2.4,12.81,1,1,Uptown,8781072.0
HOUSE00972,1930.0,3,2.0,3.4,6.26,2,0,Uptown,7601989.0
HOUSE00973,2456.0,5,4.0,0.8,5.4,1,0,Uptown,9784999.0
HOUSE00974,1736.0,4,3.0,1.9,6.46,1,1,Rural,6538678.0
HOUSE00975,864.0,3,3.0,1.9,21.23,3,1,Suburban,3881933.0
HOUSE00976,1069.0,3,1.0,21.8,13.23,0,1,Downtown,4898097.0
HOUSE00977,2671.0,3,2.0,19.3,6.72,1,0,Rural,8931007.0
HOUSE00978,2574.0,2,1.0,11.5,11.54,1,1,Suburban,8921434.0
HOUSE00979,2334.0,4,2.0,6.6,3.99,1,0,Rural,8231747.0
HOUSE00980,2074.0,4,3.0,4.6,29.56,3,1,Downtown,8888974.0
HOUSE00981,1240.0,3,2.0,11.5,14.82,3,1,Downtown,5766324.0
HOUSE00982,1541.0,3,2.0,2.1,4.9,1,1,Waterfront,6985568.0
HOUSE00983,2584.0,5,,4.5,2.7,1,0,Uptown,10367028.0
HOUSE00984,2509.0,5,3.0,4.8,2.71,2,0,Downtown,10385742.0
HOUSE00985,1490.0,4,3.0,1.4,8.22,3,1,Suburban,6300223.0
HOUSE00986,1089.0,5,3.0,7.6,15.6,1,1,Downtown,5583557.0
HOUSE00987,1945.0,2,1.0,0.2,2.54,3,0,Rural,7117658.0
HOUSE00988,1163.0,3,2.0,24.1,8.26,0,1,Suburban,4577456.0
HOUSE00989,1667.0,4,3.0,15.6,9.07,2,0,Suburban,6454306.0
HOUSE00990,1721.0,2,1.0,11.4,1.98,3,1,Waterfront,7495950.0
HOUSE00991,2907.0,1,1.0,9.0,17.52,2,0,Waterfront,10684548.0
HOUSE00992,1436.0,3,1.0,38.1,3.12,3,1,Downtown,6419527.0
HOUSE00993,2056.0,4,2.0,8.5,2.22,3,1,Rural,7289304.0
HOUSE00994,3080.0,3,3.0,21.4,17.46,3,1,Rural,10214517.0
HOUSE00995,2209.0,3,3.0,1.5,3.05,2,1,Downtown,9155367.0
HOUSE00996,495.0,4,3.0,43.1,0.3,2,1,Uptown,3193778.0
HOUSE00997,2225.0,1,1.0,0.4,9.2,1,1,Suburban,8082174.0
HOUSE00998,1543.0,3,2.0,13.1,,0,1,Downtown,6463582.0
HOUSE00999,2441.0,1,1.0,49.7,11.09,1,0,Rural,8110130.0
HOUSE01000,1707.0,3,2.0,4.2,2.21,0,1,Suburban,6350173.0
HOUSE01001,1845.0,2,2.0,10.7,1.96,3,1,Suburban,6936608.0
HOUSE01002,1988.0,1,1.0,7.2,7.17,1,0,Uptown,7287199.0
HOUSE01003,1802.0,2,1.0,13.6,9.89,3,1,Downtown,7318766.0
HOUSE01004,2651.0,2,1.0,13.2,5.41,3,1,Rural,8716765.0
HOUSE01005,1559.0,3,2.0,6.1,4.74,1,1,Rural,6034481.0
HOUSE01006,1910.0,2,1.0,26.6,2.0,2,1,Uptown,7026689.0
HOUSE01007,1746.0,2,2.0,15.2,3.17,1,0,Downtown,7093868.0
HOUSE01008,1140.0,2,1.0,17.0,5.31,3,1,Suburban,4591516.0
HOUSE01009,2366.0,3,3.0,4.7,7.74,1,0,Suburban,8692189.0
HOUSE01010,1032.0,5,3.0,6.8,9.11,1,1,Suburban,4886234.0
HOUSE01011,2266.0,3,3.0,42.8,9.78,2,1,Downtown,9165283.0
HOUSE01012,1590.0,3,2.0,3.7,2.26,0,0,Downtown,6912578.0
HOUSE01013,2117.0,4,2.0,6.6,18.07,3,1,Suburban,8021685.0
HOUSE01014,1636.0,5,3.0,25.0,12.02,1,0,Suburban,6291689.0
HOUSE01015,1372.0,4,3.0,3.4,1.77,2,1,Suburban,5634210.0
HOUSE01016,1815.0,1,1.0,1.2,4.96,2,1,Suburban,6614064.0
HOUSE01017,1720.0,3,2.0,11.0,45.0,2,1,Rural,5648602.0
HOUSE01018,1885.0,2,,54.0,10.49,3,0,Rural,6095963.0
HOUSE01019,2202.0,2,1.0,12.5,,3,1,Rural,7740872.0
HOUSE01020,1862.0,4,2.0,19.3,3.37,3,1,Rural,6973425.0
HOUSE01021,1475.0,2,1.0,19.5,6.45,2,0,Downtown,6184836.0
HOUSE01022,1481.0,4,3.0,19.3,11.04,1,0,Suburban,5877511.0
HOUSE01023,2011.0,3,2.0,30.2,6.01,2,0,Downtown,8264083.0
HOUSE01024,1155.0,4,3.0,6.6,1.9,2,0,Suburban,4968789.0
HOUSE01025,1490.0,3,2.0,12.7,20.14,2,0,Rural,5227605.0
HOUSE01026,2499.0,5,4.0,16.4,3.19,1,1,Suburban,9737384.0
HOUSE01027,2433.0,6,5.0,20.7,2.31,2,1,Suburban,9856567.0
HOUSE01028,1967.0,4,2.0,48.8,38.34,3,1,Rural,6719716.0
HOUSE01029,1387.0,5,3.0,6.8,3.28,1,1,Rural,5708530.0
HOUSE01030,2251.0,3,2.0,3.7,4.68,0,0,Uptown,8645361.0
HOUSE01031,2198.0,3,2.0,33.3,21.12,1,0,Suburban,7908384.0
HOUSE01032,2258.0,4,3.0,0.2,7.75,2,1,Uptown,9003027.0
HOUSE01033,1831.0,4,3.0,29.9,2.72,1,1,Suburban,6602118.0
HOUSE01034,925.0,2,2.0,30.8,1.1,2,1,Rural,3546235.0
HOUSE01035,2459.0,3,2.0,17.5,2.19,1,0,Suburban,8879716.0
HOUSE01036,1341.0,3,2.0,5.4,31.38,2,0,Waterfront,6074071.0
HOUSE01037,2598.0,5,3.0,24.8,0.99,3,1,Uptown,10023158.0
HOUSE01038,1487.0,6,4.0,12.3,17.18,1,0,Downtown,6954949.0
HOUSE01039,2176.0,3,2.0,24.0,,1,1,Suburban,7776734.0
HOUSE01040,506.0,3,1.0,2.1,0.3,0,1,Uptown,2943638.0
HOUSE01041,1978.0,3,3.0,31.0,2.11,2,0,Suburban,7606188.0
HOUSE01042,1899.0,5,2.0,19.2,8.52,1,1,Rural,6859317.0
HOUSE01043,704.0,3,2.0,18.9,9.14,1,0,Rural,2755423.0
HOUSE01044,1877.0,6,4.0,31.4,2.45,1,1,Suburban,7769872.0
HOUSE01045,2118.0,5,5.0,39.1,0.3,2,1,Suburban,8397565.0
HOUSE01046,2140.0,2,2.0,6.2,4.9,1,1,Uptown,8271426.0
HOUSE01047,1888.0,4,2.0,21.0,3.26,2,0,Suburban,7068078.0
HOUSE01048,3302.0,3,2.0,9.6,10.17,1,0,Rural,11317655.0
HOUSE01049,1947.0,2,2.0,6.7,8.25,1,1,Waterfront,8089594.0
HOUSE01050,1729.0,4,3.0,36.4,0.72,0,1,Rural,6276867.0
HOUSE01051,1742.0,3,2.0,5.6,4.92,2,0,Rural,6263158.0
HOUSE01052,2560.0,2,1.0,34.1,0.3,1,1,Waterfront,10173001.0
HOUSE01053,1508.0,4,2.0,8.4,6.73,0,1,Suburban,6038866.0
HOUSE01054,553.0,2,1.0,27.0,8.32,1,0,Suburban,2495254.0
HOUSE01055,2429.0,3,2.0,6.4,6.97,1,0,Rural,8387690.0
HOUSE01056,2315.0,4,3.0,12.4,12.25,2,1,Waterfront,9839863.0
HOUSE01057,1413.0,4,3.0,70.5,2.19,2,1,Downtown,6055827.0
HOUSE01058,1889.0,4,3.0,0.2,9.22,2,1,Downtown,8367985.0
HOUSE01059,1496.0,4,2.0,1.5,3.67,1,1,Suburban,5922442.0
HOUSE01060,2622.0,3,2.0,7.8,8.73,0,1,Downtown,10065023.0
HOUSE01061,1033.0,4,3.0,41.3,7.63,1,0,Suburban,4177394.0
HOUSE01062,2233.0,6,4.0,7.4,36.67,0,1,Rural,8337349.0
HOUSE01063,2368.0,5,3.0,3.3,3.41,2,1,Suburban,9198271.0
HOUSE01064,1257.0,3,2.0,21.7,0.79,1,1,Downtown,5794358.0
HOUSE01065,1955.0,5,4.0,2.6,2.69,1,0,Rural,7542951.0
HOUSE01066,1623.0,1,1.0,34.9,5.11,1,0,Rural,5137551.0
HOUSE01067,766.0,3,2.0,14.4,18.37,0,1,Waterfront,4579292.0
HOUSE01068,1438.0,4,3.0,33.5,13.88,1,0,Uptown,5857800.0
HOUSE01069,1887.0,4,3.0,47.1,14.84,3,0,Waterfront,7924713.0
HOUSE01070,2097.0,3,2.0,10.1,9.11,2,1,Rural,7315271.0
HOUSE01071,1935.0,4,3.0,18.8,3.53,1,0,Suburban,7731589.0
HOUSE01072,1728.0,2,1.0,21.9,30.25,1,1,Rural,5491771.0
HOUSE01073,813.0,3,2.0,27.7,18.7,2,1,Suburban,3473607.0
HOUSE01074,1354.0,5,3.0,17.4,0.3,0,1,Rural,5127528.0
HOUSE01075,2518.0,6,5.0,18.3,0.3,2,0,Suburban,10168711.0
HOUSE01076,2405.0,5,3.0,1.9,2.91,1,0,Rural,8838362.0
HOUSE01077,561.0,6,4.0,3.6,3.9,1,0,Uptown,3992305.0
HOUSE01078,2239.0,6,5.0,14.7,19.51,2,0,Suburban,8803499.0
HOUSE01079,2045.0,3,1.0,10.8,0.79,1,1,Downtown,8286980.0
HOUSE01080,2293.0,3,2.0,14.2,34.07,3,0,Suburban,8245550.0
HOUSE01081,2251.0,5,2.0,72.1,9.49,2,1,Rural,7787482.0
HOUSE01082,1074.0,3,3.0,49.3,9.83,1,0,Uptown,4445880.0
HOUSE01083,1963.0,1,3.0,46.0,1.23,1,0,Suburban,6913951.0
HOUSE01084,2260.0,3,2.0,16.9,1.34,2,0,Suburban,8255124.0
HOUSE01085,1102.0,4,3.0,12.6,7.33,1,1,Waterfront,5797646.0
HOUSE01086,2281.0,2,2.0,18.5,0.62,1,1,Rural,7713457.0
HOUSE01087,1403.0,3,2.0,13.1,16.45,1,1,Suburban,5327334.0
HOUSE01088,1121.0,3,3.0,4.1,0.36,2,0,Uptown,5095066.0
HOUSE01089,1643.0,3,2.0,20.0,2.1,2,1,Suburban,6344026.0
HOUSE01090,2246.0,2,2.0,80.0,0.3,1,0,Uptown,7945973.0
HOUSE01091,1628.0,5,3.0,5.3,0.3,1,1,Suburban,6904210.0
HOUSE01092,2864.0,3,2.0,20.7,13.37,2,1,Downtown,10883343.0
HOUSE01093,1119.0,2,1.0,9.5,2.37,2,0,Uptown,4773295.0
HOUSE01094,1906.0,3,1.0,0.0,3.87,1,0,Suburban,7384892.0
HOUSE01095,2838.0,4,2.0,1.8,2.17,1,1,Suburban,10756215.0
HOUSE01096,2660.0,1,1.0,58.4,2.45,0,1,Downtown,9580283.0
HOUSE01097,2612.0,3,1.0,17.2,3.63,0,0,Rural,8619993.0
HOUSE01098,2077.0,3,2.0,5.7,3.67,2,1,Downtown,8506723.0
HOUSE01099,1671.0,5,3.0,7.7,21.98,1,0,Uptown,7094629.0
HOUSE01100,1690.0,4,2.0,4.0,4.83,1,1,Downtown,7649491.0
HOUSE01101,1481.0,5,3.0,20.2,6.62,0,0,Suburban,5671097.0
HOUSE01102,1238.0,2,1.0,16.0,22.62,1,0,Rural,3932058.0
HOUSE01103,907.0,2,2.0,13.0,13.64,2,1,Uptown,4048226.0
HOUSE01104,2483.0,3,,4.6,19.38,2,1,Downtown,9316282.0
HOUSE01105,1336.0,2,1.0,9.6,15.59,3,1,Uptown,5519873.0
HOUSE01106,1710.0,4,2.0,15.2,30.31,1,1,Uptown,6919676.0
HOUSE01107,1154.0,2,1.0,22.7,1.11,1,1,Uptown,4862360.0
HOUSE01108,1733.0,4,3.0,1.5,3.53,1,0,Suburban,6900479.0
HOUSE01109,2291.0,5,3.0,0.2,0.3,2,1,Suburban,9406640.0
HOUSE01110,1228.0,2,1.0,49.7,45.0,1,0,Downtown,4741549.0
HOUSE01111,1618.0,4,3.0,41.1,5.93,0,0,Suburban,6127926.0
HOUSE01112,2272.0,4,3.0,41.6,12.14,1,1,Rural,7791515.0
HOUSE01113,993.0,2,1.0,19.6,,0,1,Uptown,4285592.0
HOUSE01114,1923.0,1,1.0,42.7,4.37,2,0,Waterfront,7841491.0
HOUSE01115,2991.0,3,2.0,11.5,10.85,2,0,Uptown,10951213.0
HOUSE01116,1238.0,5,2.0,31.2,5.09,1,0,Suburban,5022614.0
HOUSE01117,1151.0,3,3.0,15.6,21.26,0,0,Rural,4363504.0
HOUSE01118,2634.0,4,2.0,0.3,21.89,1,0,Suburban,9632813.0
HOUSE01119,1805.0,5,3.0,20.6,4.71,2,0,Suburban,7480523.0
HOUSE01120,1427.0,3,3.0,16.4,14.63,3,1,Suburban,5896184.0
HOUSE01121,935.0,6,4.0,14.2,3.18,1,1,Rural,4240553.0
HOUSE01122,1157.0,2,1.0,10.2,2.35,1,0,Waterfront,5622558.0
HOUSE01123,2055.0,1,2.0,0.7,15.42,0,0,Suburban,6938162.0
HOUSE01124,2798.0,3,2.0,16.2,2.99,1,1,Downtown,10935360.0
HOUSE01125,2097.0,2,2.0,2.5,2.63,1,1,Rural,7468123.0
HOUSE01126,1735.0,5,4.0,24.6,0.98,1,1,Waterfront,7954399.0
HOUSE01127,1096.0,4,2.0,51.2,8.71,3,1,Suburban,4600854.0
HOUSE01128,2774.0,3,2.0,15.6,14.85,2,1,Uptown,9982575.0
HOUSE01129,1339.0,3,2.0,2.5,6.78,1,0,Downtown,6271766.0
HOUSE01130,1498.0,1,1.0,0.4,6.09,2,1,Suburban,5678749.0
HOUSE01131,1150.0,2,1.0,4.6,0.92,2,0,Downtown,5774785.0
HOUSE01132,2088.0,4,2.0,5.5,1.7,2,1,Suburban,8406236.0
HOUSE01133,1917.0,1,1.0,3.7,6.39,3,1,Downtown,8112466.0
HOUSE01134,2162.0,2,2.0,67.1,8.37,1,1,Uptown,7856098.0
HOUSE01135,2105.0,4,3.0,27.0,8.75,1,1,Suburban,7771169.0
HOUSE01136,1167.0,2,2.0,35.2,2.9,2,0,Suburban,4646169.0
HOUSE01137,2429.0,3,2.0,12.6,2.96,1,1,Downtown,9606887.0
HOUSE01138,1989.0,1,1.0,12.0,5.71,2,0,Suburban,6992151.0
HOUSE01139,724.0,3,3.0,,3.66,0,1,Waterfront,4415549.0
HOUSE01140,1543.0,5,3.0,27.3,0.54,1,0,Rural,5972862.0
HOUSE01141,2480.0,3,1.0,7.8,3.27,3,1,Rural,8585046.0
HOUSE01142,1128.0,2,2.0,15.0,7.52,1,1,Rural,3895334.0
HOUSE01143,2066.0,4,2.0,7.2,3.38,3,1,Rural,7795965.0
HOUSE01144,1280.0,5,3.0,36.0,2.34,2,0,Rural,4950922.0
HOUSE01145,1263.0,3,2.0,22.5,2.49,1,0,Suburban,4976952.0
HOUSE01146,2508.0,3,3.0,36.2,2.77,3,1,Suburban,9172080.0
HOUSE01147,2187.0,2,1.0,40.2,4.76,2,0,Downtown,8635529.0
HOUSE01148,3155.0,3,3.0,61.4,4.44,1,0,Rural,10542087.0
HOUSE01149,1174.0,2,1.0,1.1,4.68,1,1,Waterfront,5593057.0
HOUSE01150,1626.0,2,2.0,0.8,1.81,2,1,Downtown,6740064.0
HOUSE01151,1766.0,3,2.0,15.7,1.97,1,1,Suburban,6664868.0
HOUSE01152,1698.0,2,1.0,24.0,2.37,2,0,Suburban,6186037.0
HOUSE01153,1525.0,3,2.0,6.0,3.53,1,0,Rural,5338334.0
HOUSE01154,2279.0,4,2.0,0.1,10.11,3,0,Uptown,8891919.0
HOUSE01155,1781.0,3,2.0,14.2,2.75,3,1,Suburban,7280688.0
HOUSE01156,1077.0,3,2.0,9.2,15.98,0,0,Suburban,4395007.0
HOUSE01157,1781.0,4,3.0,0.9,3.79,0,1,Suburban,7290237.0
HOUSE01158,2885.0,4,3.0,16.6,3.6,1,1,Rural,10254275.0
HOUSE01159,2283.0,4,3.0,6.8,6.49,2,1,Suburban,8756108.0
HOUSE01160,1827.0,1,1.0,,5.66,0,0,Downtown,7279966.0
HOUSE01161,1960.0,4,,10.1,3.48,0,1,Suburban,7557542.0
HOUSE01162,450.0,4,2.0,11.5,2.74,2,0,Suburban,2614727.0
HOUSE01163,1730.0,1,1.0,10.5,6.55,3,1,Rural,6086754.0
HOUSE01164,1487.0,4,2.0,4.1,0.69,1,1,Suburban,6103769.0
HOUSE01165,1530.0,3,1.0,12.9,6.32,3,0,Suburban,5963767.0
HOUSE01166,1812.0,3,1.0,12.8,9.7,2,0,Rural,6464091.0
HOUSE01167,2914.0,2,1.0,8.0,0.3,0,0,Rural,9649374.0
HOUSE01168,815.0,2,1.0,25.5,22.42,2,1,Rural,2752065.0
HOUSE01169,1671.0,5,4.0,12.1,11.95,1,1,Uptown,7280933.0
HOUSE01170,612.0,4,2.0,4.7,9.09,2,1,Suburban,3205771.0
HOUSE01171,1336.0,3,2.0,51.2,3.65,2,0,Downtown,5924270.0
HOUSE01172,1743.0,5,2.0,21.4,22.23,1,1,Suburban,6730171.0
HOUSE01173,2186.0,3,2.0,8.1,5.19,0,0,Suburban,7821523.0
HOUSE01174,1516.0,1,1.0,10.6,5.68,0,1,Downtown,6197072.0
HOUSE01175,1899.0,3,2.0,11.0,18.95,2,1,Uptown,7336490.0
HOUSE01176,1798.0,3,3.0,2.9,3.8,3,1,Suburban,6968144.0
HOUSE01177,1926.0,4,2.0,39.9,3.08,3,1,Suburban,7378536.0
HOUSE01178,1174.0,3,3.0,23.9,7.27,1,1,Downtown,5609400.0
HOUSE01179,2231.0,4,3.0,0.2,0.45,2,1,Uptown,9058681.0
HOUSE01180,1835.0,3,3.0,0.8,14.41,0,1,Waterfront,7739704.0
HOUSE01181,1750.0,3,2.0,11.5,0.49,2,0,Waterfront,7695907.0
HOUSE01182,2731.0,3,2.0,5.1,1.89,2,1,Downtown,10683106.0
HOUSE01183,1517.0,3,3.0,12.6,30.88,2,1,Suburban,5707472.0
HOUSE01184,1659.0,5,3.0,53.7,7.63,1,1,Uptown,6599503.0
HOUSE01185,1689.0,3,2.0,39.3,8.59,0,1,Suburban,5805449.0
HOUSE01186,1953.0,1,1.0,7.7,0.3,1,1,Rural,6499042.0
HOUSE01187,2067.0,2,1.0,7.8,12.02,3,0,Waterfront,8363196.0
HOUSE01188,874.0,3,2.0,7.1,4.19,2,1,Downtown,4691413.0
HOUSE01189,1909.0,4,3.0,28.9,11.72,3,0,Suburban,7421331.0
HOUSE01190,2215.0,3,1.0,5.1,9.68,1,1,Rural,7734716.0
HOUSE01191,1867.0,4,3.0,26.4,6.39,2,0,Suburban,7009904.0
HOUSE01192,1423.0,2,1.0,10.3,16.27,2,0,Downtown,6068885.0
HOUSE01193,2782.0,6,4.0,22.2,2.27,1,0,Rural,10212506.0
HOUSE01194,1930.0,4,2.0,20.0,7.53,2,1,Uptown,7661987.0
HOUSE01195,2201.0,2,1.0,1.3,4.4,1,1,Uptown,8205755.0
HOUSE01196,1038.0,3,3.0,15.9,2.52,0,0,Rural,4199159.0
HOUSE01197,1439.0,2,1.0,1.3,5.49,2,1,Rural,5100206.0
HOUSE01198,1778.0,2,2.0,12.8,0.36,1,0,Uptown,6573258.0
HOUSE01199,1435.0,5,3.0,4.9,1.23,0,0,Rural,5249195.0
HOUSE01200,1428.0,1,1.0,11.8,14.36,1,1,Waterfront,6001913.0
HOUSE01201,1796.0,5,3.0,7.3,5.47,3,1,Uptown,7629724.0
HOUSE01202,1376.0,3,3.0,23.7,0.3,2,0,Uptown,5648285.0
HOUSE01203,1838.0,6,4.0,5.9,17.23,1,1,Downtown,7900985.0
HOUSE01204,2715.0,6,4.0,29.4,9.87,2,1,Suburban,10428348.0
HOUSE01205,2900.0,2,1.0,9.1,23.79,1,1,Downtown,10572239.0
HOUSE01206,2545.0,4,3.0,1.0,25.25,1,1,Waterfront,10294078.0
HOUSE01207,1683.0,4,2.0,7.2,5.04,1,0,Waterfront,7580916.0
HOUSE01208,707.0,2,1.0,10.1,7.07,1,1,Downtown,3929255.0
HOUSE01209,1218.0,6,4.0,3.8,10.49,1,1,Waterfront,6186749.0
HOUSE01210,1711.0,5,2.0,2.8,14.2,2,0,Suburban,6821196.0
HOUSE01211,1623.0,4,3.0,8.8,5.2,3,0,Waterfront,7450876.0
HOUSE01212,2167.0,5,4.0,35.5,1.06,3,0,Suburban,8540773.0
